== DELTA RUN start Thu Aug 20 10:29:49 AEST 2026 ==
build: {"version":"0.32.14-rc0-dynres-0-ga5d6590"}
== 1/3 nemotron think-on scoped (finetext,multi_3img,multi_3img_anchored) from 32768 ==
##### MODEL nemotron3:33b-q4_K_M think=on tag=cudafull1_nemotron3_33b-q4_K_M_thinkon num_predict=24576 num_ctx=32768 10:29:50 powermode=2
evicted nothing
unload nemotron3:33b-q4_K_M: ok
##### RE-RUN 3 capped arm(s) — unfinished, ADR 0012 conv 9: multi_3img, multi_3img_anchored, finetext
--- multi_3img [cudafull1_nemotron3_33b-q4_K_M_thinkon] ---
[sampling] no card-sourced thinking parameters for 'nemotron3'; sending no sampling overrides, so the model's packaged defaults apply. Check `ollama show` to see what those are.
{
 "json_valid": true,
 "q1_right": true,
 "q2_right": true,
 "q4_bbox_hit": false,
 "chart_values_found": 5,
 "chart_total": 5,
 "prompt_sha": "5e3ea981f6d5551e",
 "images_sha": "7a5285fe1380ac49",
 "host": "http://10.8.0.6:11497",
 "server_version": "0.32.14-rc0-dynres-0-ga5d6590",
 "prompt_eval_count": 6202,
 "eval_count": 17183,
 "thinking_chars": 41696,
 "answer_chars": 2230,
 "total_duration": 96898499894,
 "load_duration": 19213643700,
 "prompt_eval_duration": 3653320000,
 "eval_duration": 70432418999,
 "gen_tps": 243.96,
 "prefill_tps": 1697.63,
 "num_ctx": 32768,
 "num_predict": 24576,
 "sampling_source": "packaged-defaults-no-card",
 "sampling": {},
 "req_num_predict": 24576,
 "req_num_ctx": 32768
}
--- multi_3img_anchored [cudafull1_nemotron3_33b-q4_K_M_thinkon] ---
[sampling] no card-sourced thinking parameters for 'nemotron3'; sending no sampling overrides, so the model's packaged defaults apply. Check `ollama show` to see what those are.
{
 "json_valid": true,
 "q1_right": true,
 "q2_right": true,
 "q4_bbox_hit": true,
 "chart_values_found": 5,
 "chart_total": 5,
 "q4_bbox_space": "norm1000/xyxy",
 "prompt_sha": "aa1042593bd9fc5c",
 "images_sha": "7a5285fe1380ac49",
 "host": "http://10.8.0.6:11497",
 "server_version": "0.32.14-rc0-dynres-0-ga5d6590",
 "prompt_eval_count": 6294,
 "eval_count": 20799,
 "thinking_chars": 50824,
 "answer_chars": 3023,
 "total_duration": 94939293423,
 "load_duration": 1179586507,
 "prompt_eval_duration": 3245705000,
 "eval_duration": 85888520000,
 "gen_tps": 242.16,
 "prefill_tps": 1939.18,
 "num_ctx": 32768,
 "num_predict": 24576,
 "sampling_source": "packaged-defaults-no-card",
 "sampling": {},
 "req_num_predict": 24576,
 "req_num_ctx": 32768
}
--- finetext [cudafull1_nemotron3_33b-q4_K_M_thinkon] ---
[sampling] no card-sourced thinking parameters for 'nemotron3'; sending no sampling overrides, so the model's packaged defaults apply. Check `ollama show` to see what those are.
{
 "json_valid": false,
 "recall_22px": 0,
 "recall_16px": 0,
 "recall_12px": 0,
 "recall_9px": 0,
 "recall_7px": 0,
 "total_found": 0,
 "prompt_sha": "2609dc6cba954ae7",
 "images_sha": "a1d6d5519519ecb4",
 "host": "http://10.8.0.6:11497",
 "server_version": "0.32.14-rc0-dynres-0-ga5d6590",
 "prompt_eval_count": 2495,
 "eval_count": 24576,
 "thinking_chars": 64836,
 "answer_chars": 0,
 "total_duration": 102110131402,
 "load_duration": 1011579857,
 "prompt_eval_duration": 621397000,
 "eval_duration": 99518900000,
 "gen_tps": 246.95,
 "prefill_tps": 4015.15,
 "num_ctx": 32768,
 "num_predict": 24576,
 "sampling_source": "packaged-defaults-no-card",
 "sampling": {},
 "req_num_predict": 24576,
 "req_num_ctx": 32768
}
SUITE DONE cudafull1_nemotron3_33b-q4_K_M_thinkon
[sampling] no card-sourced thinking parameters for 'nemotron3'; sending no sampling overrides, so the model's packaged defaults apply. Check `ollama show` to see what those are.
--- finetext [cudafull1_nemotron3_33b-q4_K_M_thinkon] ---
{
 "tag": "cudafull1_nemotron3_33b-q4_K_M_thinkon",
 "json_valid": true,
 "recall_22px": 4,
 "recall_16px": 4,
 "recall_12px": 4,
 "recall_9px": 2,
 "recall_7px": 0,
 "total_found": 18,
 "host": "http://10.8.0.6:11497",
 "server_version": "0.32.14-rc0-dynres-0-ga5d6590",
 "prompt_eval_count": 2495,
 "eval_count": 2556,
 "thinking_chars": 5067,
 "answer_chars": 396,
 "num_ctx": 32768,
 "num_predict": 24576,
 "sampling_source": "packaged-defaults-no-card",
 "sampling": {}
}
##### CAPPED nemotron3:33b-q4_K_M think=on at num_ctx=32768 (finetext) -> escalating to 65536
##### MODEL nemotron3:33b-q4_K_M think=on tag=cudafull1_nemotron3_33b-q4_K_M_thinkon num_predict=57344 num_ctx=65536 10:34:59 powermode=2
evicted ['nemotron3:33b-q4_K_M']
unload nemotron3:33b-q4_K_M: ok
##### SKIP 2 already-scored arm(s): multi_3img, multi_3img_anchored
##### RE-RUN 1 capped arm(s) — unfinished, ADR 0012 conv 9: finetext
--- finetext [cudafull1_nemotron3_33b-q4_K_M_thinkon] ---
[sampling] no card-sourced thinking parameters for 'nemotron3'; sending no sampling overrides, so the model's packaged defaults apply. Check `ollama show` to see what those are.
{
 "json_valid": true,
 "recall_22px": 4,
 "recall_16px": 4,
 "recall_12px": 4,
 "recall_9px": 4,
 "recall_7px": 0,
 "total_found": 20,
 "prompt_sha": "2609dc6cba954ae7",
 "images_sha": "a1d6d5519519ecb4",
 "host": "http://10.8.0.6:11497",
 "server_version": "0.32.14-rc0-dynres-0-ga5d6590",
 "prompt_eval_count": 2495,
 "eval_count": 4909,
 "thinking_chars": 9799,
 "answer_chars": 350,
 "total_duration": 42311863060,
 "load_duration": 20140932862,
 "prompt_eval_duration": 1843180000,
 "eval_duration": 19649719000,
 "gen_tps": 249.83,
 "prefill_tps": 1353.64,
 "num_ctx": 65536,
 "num_predict": 57344,
 "sampling_source": "packaged-defaults-no-card",
 "sampling": {},
 "req_num_predict": 57344,
 "req_num_ctx": 65536
}
SUITE DONE cudafull1_nemotron3_33b-q4_K_M_thinkon
[sampling] no card-sourced thinking parameters for 'nemotron3'; sending no sampling overrides, so the model's packaged defaults apply. Check `ollama show` to see what those are.
--- finetext [cudafull1_nemotron3_33b-q4_K_M_thinkon] ---
{
 "tag": "cudafull1_nemotron3_33b-q4_K_M_thinkon",
 "json_valid": true,
 "recall_22px": 4,
 "recall_16px": 4,
 "recall_12px": 4,
 "recall_9px": 4,
 "recall_7px": 0,
 "total_found": 19,
 "host": "http://10.8.0.6:11497",
 "server_version": "0.32.14-rc0-dynres-0-ga5d6590",
 "prompt_eval_count": 2495,
 "eval_count": 17889,
 "thinking_chars": 39232,
 "answer_chars": 332,
 "num_ctx": 65536,
 "num_predict": 57344,
 "sampling_source": "packaged-defaults-no-card",
 "sampling": {}
}
##### DONE nemotron3:33b-q4_K_M think=on rep=1 10:37:00
ENGINE COMPARE DONE
== 2/3 gemma pair full suite, both modes ==
##### MODEL gemma4:26b-a4b-it-q4_K_M think=false tag=cudafull1_gemma4_26b-a4b-it-q4_K_M_thinkfalse num_predict=2200 num_ctx=16384 10:37:00 powermode=2
evicted ['nemotron3:33b-q4_K_M']
unload gemma4:26b-a4b-it-q4_K_M: ok
--- bboxm_pin_anc_named [cudafull1_gemma4_26b-a4b-it-q4_K_M_thinkfalse] ---
{
 "json_valid": true,
 "declared_type": "norm1000",
 "declared_order": "xyxy",
 "declared_ref": null,
 "field_name": null,
 "declaration_scope": "perobject",
 "labels_found": 6,
 "labels_total": 6,
 "hits_declared": 6,
 "iou_declared": 0.97,
 "hits_bestfit": 6,
 "bestfit_dialect": "norm1000/xyxy",
 "implied_scale": 0.723,
 "iou_at_implied_scale": 0.072,
 "anchor_present": true,
 "anchor_implied_type": "norm1000",
 "anchor_implied_ref": null,
 "hits_anchor": 6,
 "iou_anchor": 0.97,
 "anchor_beats_declared": false,
 "self_check": true,
 "self_check_reason": "ok",
 "degenerate_boxes": 0,
 "degenerate_labels": [],
 "declaration_valid": true,
 "declaration_matches_boxes": true,
 "contract_followed": true,
 "prompt_sha": "9046c68c8cb2f152",
 "images_sha": "3470bb0f3ebc74f2",
 "prompt_parts": {
  "convention": "8a2ee7bf80445f0a",
  "coords": "eb79a53b4f9241ee",
  "anchor": "d0fca938258091fa",
  "schema": "767bd3d7d37cc96f",
  "dialect": "a683c5c5349f6f7f"
 },
 "offered_key": null,
 "host": "http://10.8.0.6:11497",
 "server_version": "0.32.14-rc0-dynres-0-ga5d6590",
 "prompt_eval_count": 1462,
 "eval_count": 410,
 "thinking_chars": 0,
 "answer_chars": 678,
 "total_duration": 21461081402,
 "load_duration": 16875515510,
 "prompt_eval_duration": 1853103000,
 "eval_duration": 2558841000,
 "gen_tps": 160.23,
 "prefill_tps": 788.95,
 "num_ctx": 16384,
 "num_predict": 2200,
 "sampling_source": "greedy-think-off",
 "sampling": {
  "temperature": 0
 },
 "req_num_predict": 2200,
 "req_num_ctx": 16384
}
--- bboxm_pin_anc_pos [cudafull1_gemma4_26b-a4b-it-q4_K_M_thinkfalse] ---
{
 "json_valid": true,
 "declared_type": "norm1000",
 "declared_order": "xyxy",
 "declared_ref": null,
 "field_name": "box_2d",
 "declaration_scope": "perobject",
 "labels_found": 6,
 "labels_total": 6,
 "hits_declared": 6,
 "iou_declared": 0.969,
 "hits_bestfit": 6,
 "bestfit_dialect": "norm1000/xyxy",
 "implied_scale": 0.722,
 "iou_at_implied_scale": 0.073,
 "anchor_present": true,
 "anchor_implied_type": "norm1000",
 "anchor_implied_ref": null,
 "hits_anchor": 6,
 "iou_anchor": 0.969,
 "anchor_beats_declared": false,
 "self_check": true,
 "self_check_reason": "ok",
 "degenerate_boxes": 0,
 "degenerate_labels": [],
 "declaration_valid": true,
 "declaration_matches_boxes": true,
 "contract_followed": true,
 "prompt_sha": "4e8b7db664da7165",
 "images_sha": "3470bb0f3ebc74f2",
 "prompt_parts": {
  "convention": "8a2ee7bf80445f0a",
  "coords": "d9ad3bbd292d11c7",
  "anchor": "d0fca938258091fa",
  "schema": "eff01b8145940261",
  "dialect": "bb99d88078941279"
 },
 "offered_key": "box_2d",
 "host": "http://10.8.0.6:11497",
 "server_version": "0.32.14-rc0-dynres-0-ga5d6590",
 "prompt_eval_count": 1513,
 "eval_count": 403,
 "thinking_chars": 0,
 "answer_chars": 755,
 "total_duration": 4785985417,
 "load_duration": 1243026498,
 "prompt_eval_duration": 716324000,
 "eval_duration": 2643404000,
 "gen_tps": 152.45,
 "prefill_tps": 2112.17,
 "num_ctx": 16384,
 "num_predict": 2200,
 "sampling_source": "greedy-think-off",
 "sampling": {
  "temperature": 0
 },
 "req_num_predict": 2200,
 "req_num_ctx": 16384
}
--- bboxm_pin_noanc_named [cudafull1_gemma4_26b-a4b-it-q4_K_M_thinkfalse] ---
{
 "json_valid": true,
 "declared_type": "norm1000",
 "declared_order": "xyxy",
 "declared_ref": null,
 "field_name": null,
 "declaration_scope": "perobject",
 "labels_found": 6,
 "labels_total": 6,
 "hits_declared": 6,
 "iou_declared": 0.971,
 "hits_bestfit": 6,
 "bestfit_dialect": "norm1000/xyxy",
 "implied_scale": 0.723,
 "iou_at_implied_scale": 0.072,
 "anchor_present": false,
 "anchor_implied_type": null,
 "anchor_implied_ref": null,
 "hits_anchor": 0,
 "iou_anchor": 0.0,
 "anchor_beats_declared": false,
 "self_check": null,
 "self_check_reason": null,
 "degenerate_boxes": 0,
 "degenerate_labels": [],
 "declaration_valid": true,
 "declaration_matches_boxes": true,
 "contract_followed": true,
 "prompt_sha": "45f32d2935196d5d",
 "images_sha": "3470bb0f3ebc74f2",
 "prompt_parts": {
  "convention": "8a2ee7bf80445f0a",
  "coords": "eb79a53b4f9241ee",
  "anchor": "e3b0c44298fc1c14",
  "schema": "83d3dd88f713cb86",
  "dialect": "a683c5c5349f6f7f"
 },
 "offered_key": null,
 "host": "http://10.8.0.6:11497",
 "server_version": "0.32.14-rc0-dynres-0-ga5d6590",
 "prompt_eval_count": 1378,
 "eval_count": 445,
 "thinking_chars": 0,
 "answer_chars": 835,
 "total_duration": 5130602608,
 "load_duration": 1292774890,
 "prompt_eval_duration": 698994000,
 "eval_duration": 2943335000,
 "gen_tps": 151.19,
 "prefill_tps": 1971.4,
 "num_ctx": 16384,
 "num_predict": 2200,
 "sampling_source": "greedy-think-off",
 "sampling": {
  "temperature": 0
 },
 "req_num_predict": 2200,
 "req_num_ctx": 16384
}
--- bboxm_pin_noanc_pos [cudafull1_gemma4_26b-a4b-it-q4_K_M_thinkfalse] ---
{
 "json_valid": true,
 "declared_type": "norm1000",
 "declared_order": "xyxy",
 "declared_ref": null,
 "field_name": "box_2d",
 "declaration_scope": "perobject",
 "labels_found": 6,
 "labels_total": 6,
 "hits_declared": 6,
 "iou_declared": 0.97,
 "hits_bestfit": 6,
 "bestfit_dialect": "norm1000/xyxy",
 "implied_scale": 0.723,
 "iou_at_implied_scale": 0.072,
 "anchor_present": false,
 "anchor_implied_type": null,
 "anchor_implied_ref": null,
 "hits_anchor": 0,
 "iou_anchor": 0.0,
 "anchor_beats_declared": false,
 "self_check": null,
 "self_check_reason": null,
 "degenerate_boxes": 0,
 "degenerate_labels": [],
 "declaration_valid": true,
 "declaration_matches_boxes": true,
 "contract_followed": true,
 "prompt_sha": "897576958243aa9f",
 "images_sha": "3470bb0f3ebc74f2",
 "prompt_parts": {
  "convention": "8a2ee7bf80445f0a",
  "coords": "d9ad3bbd292d11c7",
  "anchor": "e3b0c44298fc1c14",
  "schema": "3f17d19c7b051c2b",
  "dialect": "bb99d88078941279"
 },
 "offered_key": "box_2d",
 "host": "http://10.8.0.6:11497",
 "server_version": "0.32.14-rc0-dynres-0-ga5d6590",
 "prompt_eval_count": 1424,
 "eval_count": 463,
 "thinking_chars": 0,
 "answer_chars": 1069,
 "total_duration": 5369492411,
 "load_duration": 1238280102,
 "prompt_eval_duration": 679461000,
 "eval_duration": 3229648000,
 "gen_tps": 143.36,
 "prefill_tps": 2095.78,
 "num_ctx": 16384,
 "num_predict": 2200,
 "sampling_source": "greedy-think-off",
 "sampling": {
  "temperature": 0
 },
 "req_num_predict": 2200,
 "req_num_ctx": 16384
}
--- bboxm_free_anc_named [cudafull1_gemma4_26b-a4b-it-q4_K_M_thinkfalse] ---
{
 "json_valid": true,
 "declared_type": "norm1000",
 "declared_order": "xyxy",
 "declared_ref": [
  1920,
  1080
 ],
 "field_name": null,
 "declaration_scope": "perobject",
 "labels_found": 6,
 "labels_total": 6,
 "hits_declared": 6,
 "iou_declared": 0.971,
 "hits_bestfit": 6,
 "bestfit_dialect": "norm1000/xyxy",
 "implied_scale": 0.723,
 "iou_at_implied_scale": 0.072,
 "anchor_present": true,
 "anchor_implied_type": "norm1000",
 "anchor_implied_ref": null,
 "hits_anchor": 6,
 "iou_anchor": 0.971,
 "anchor_beats_declared": false,
 "self_check": true,
 "self_check_reason": "ok",
 "degenerate_boxes": 0,
 "degenerate_labels": [],
 "declaration_valid": true,
 "declaration_matches_boxes": true,
 "contract_followed": true,
 "prompt_sha": "411e67aea82fa1c4",
 "images_sha": "3470bb0f3ebc74f2",
 "prompt_parts": {
  "convention": "7d2f0795092f0fd8",
  "coords": "eb79a53b4f9241ee",
  "anchor": "d0fca938258091fa",
  "schema": "93d3e11298fd3fd2",
  "dialect": "a683c5c5349f6f7f"
 },
 "offered_key": null,
 "host": "http://10.8.0.6:11497",
 "server_version": "0.32.14-rc0-dynres-0-ga5d6590",
 "prompt_eval_count": 1484,
 "eval_count": 648,
 "thinking_chars": 0,
 "answer_chars": 1196,
 "total_duration": 6745046359,
 "load_duration": 1475804916,
 "prompt_eval_duration": 751495000,
 "eval_duration": 4334270000,
 "gen_tps": 149.51,
 "prefill_tps": 1974.73,
 "num_ctx": 16384,
 "num_predict": 2200,
 "sampling_source": "greedy-think-off",
 "sampling": {
  "temperature": 0
 },
 "req_num_predict": 2200,
 "req_num_ctx": 16384
}
--- bboxm_free_anc_pos [cudafull1_gemma4_26b-a4b-it-q4_K_M_thinkfalse] ---
{
 "json_valid": true,
 "declared_type": "norm1000",
 "declared_order": "xyxy",
 "declared_ref": [
  1920,
  1080
 ],
 "field_name": "box_2d",
 "declaration_scope": "perobject",
 "labels_found": 6,
 "labels_total": 6,
 "hits_declared": 6,
 "iou_declared": 0.973,
 "hits_bestfit": 6,
 "bestfit_dialect": "norm1000/xyxy",
 "implied_scale": 0.722,
 "iou_at_implied_scale": 0.073,
 "anchor_present": true,
 "anchor_implied_type": "norm1000",
 "anchor_implied_ref": null,
 "hits_anchor": 6,
 "iou_anchor": 0.973,
 "anchor_beats_declared": false,
 "self_check": true,
 "self_check_reason": "ok",
 "degenerate_boxes": 0,
 "degenerate_labels": [],
 "declaration_valid": true,
 "declaration_matches_boxes": true,
 "contract_followed": true,
 "prompt_sha": "e1af6b71ec56afcc",
 "images_sha": "3470bb0f3ebc74f2",
 "prompt_parts": {
  "convention": "7d2f0795092f0fd8",
  "coords": "d9ad3bbd292d11c7",
  "anchor": "d0fca938258091fa",
  "schema": "7f247e6ffe3ca52b",
  "dialect": "bb99d88078941279"
 },
 "offered_key": "box_2d",
 "host": "http://10.8.0.6:11497",
 "server_version": "0.32.14-rc0-dynres-0-ga5d6590",
 "prompt_eval_count": 1535,
 "eval_count": 522,
 "thinking_chars": 0,
 "answer_chars": 937,
 "total_duration": 5939869091,
 "load_duration": 1370871659,
 "prompt_eval_duration": 704767000,
 "eval_duration": 3678910000,
 "gen_tps": 141.89,
 "prefill_tps": 2178.02,
 "num_ctx": 16384,
 "num_predict": 2200,
 "sampling_source": "greedy-think-off",
 "sampling": {
  "temperature": 0
 },
 "req_num_predict": 2200,
 "req_num_ctx": 16384
}
--- bboxm_free_noanc_named [cudafull1_gemma4_26b-a4b-it-q4_K_M_thinkfalse] ---
{
 "json_valid": true,
 "declared_type": "norm1000",
 "declared_order": "xyxy",
 "declared_ref": [
  1920,
  1080
 ],
 "field_name": null,
 "declaration_scope": "perobject",
 "labels_found": 6,
 "labels_total": 6,
 "hits_declared": 6,
 "iou_declared": 0.971,
 "hits_bestfit": 6,
 "bestfit_dialect": "norm1000/xyxy",
 "implied_scale": 0.723,
 "iou_at_implied_scale": 0.072,
 "anchor_present": false,
 "anchor_implied_type": null,
 "anchor_implied_ref": null,
 "hits_anchor": 0,
 "iou_anchor": 0.0,
 "anchor_beats_declared": false,
 "self_check": null,
 "self_check_reason": null,
 "degenerate_boxes": 0,
 "degenerate_labels": [],
 "declaration_valid": true,
 "declaration_matches_boxes": true,
 "contract_followed": true,
 "prompt_sha": "490054d91d4cb68a",
 "images_sha": "3470bb0f3ebc74f2",
 "prompt_parts": {
  "convention": "7d2f0795092f0fd8",
  "coords": "eb79a53b4f9241ee",
  "anchor": "e3b0c44298fc1c14",
  "schema": "83d3dd88f713cb86",
  "dialect": "a683c5c5349f6f7f"
 },
 "offered_key": null,
 "host": "http://10.8.0.6:11497",
 "server_version": "0.32.14-rc0-dynres-0-ga5d6590",
 "prompt_eval_count": 1393,
 "eval_count": 559,
 "thinking_chars": 0,
 "answer_chars": 1027,
 "total_duration": 6460715237,
 "load_duration": 1429771388,
 "prompt_eval_duration": 872136000,
 "eval_duration": 3966699000,
 "gen_tps": 140.92,
 "prefill_tps": 1597.23,
 "num_ctx": 16384,
 "num_predict": 2200,
 "sampling_source": "greedy-think-off",
 "sampling": {
  "temperature": 0
 },
 "req_num_predict": 2200,
 "req_num_ctx": 16384
}
--- bboxm_free_noanc_pos [cudafull1_gemma4_26b-a4b-it-q4_K_M_thinkfalse] ---
{
 "json_valid": true,
 "declared_type": "norm1000",
 "declared_order": "xyxy",
 "declared_ref": [
  1920,
  1080
 ],
 "field_name": "box_2d",
 "declaration_scope": "perobject",
 "labels_found": 6,
 "labels_total": 6,
 "hits_declared": 0,
 "iou_declared": 0.042,
 "hits_bestfit": 6,
 "bestfit_dialect": "norm1000/yxyx",
 "implied_scale": 0.985,
 "iou_at_implied_scale": 0.026,
 "anchor_present": false,
 "anchor_implied_type": null,
 "anchor_implied_ref": null,
 "hits_anchor": 0,
 "iou_anchor": 0.0,
 "anchor_beats_declared": false,
 "self_check": null,
 "self_check_reason": null,
 "degenerate_boxes": 0,
 "degenerate_labels": [],
 "declaration_valid": true,
 "declaration_matches_boxes": false,
 "contract_followed": false,
 "prompt_sha": "899360a2db7409a4",
 "images_sha": "3470bb0f3ebc74f2",
 "prompt_parts": {
  "convention": "7d2f0795092f0fd8",
  "coords": "d9ad3bbd292d11c7",
  "anchor": "e3b0c44298fc1c14",
  "schema": "3f17d19c7b051c2b",
  "dialect": "bb99d88078941279"
 },
 "offered_key": "box_2d",
 "host": "http://10.8.0.6:11497",
 "server_version": "0.32.14-rc0-dynres-0-ga5d6590",
 "prompt_eval_count": 1439,
 "eval_count": 535,
 "thinking_chars": 0,
 "answer_chars": 1021,
 "total_duration": 6232898438,
 "load_duration": 1361650945,
 "prompt_eval_duration": 928965000,
 "eval_duration": 3738424000,
 "gen_tps": 143.11,
 "prefill_tps": 1549.04,
 "num_ctx": 16384,
 "num_predict": 2200,
 "sampling_source": "greedy-think-off",
 "sampling": {
  "temperature": 0
 },
 "req_num_predict": 2200,
 "req_num_ctx": 16384
}
--- scene_single_pinned [cudafull1_gemma4_26b-a4b-it-q4_K_M_thinkfalse] ---
{
 "json_valid": true,
 "labels_found": 6,
 "labels_total": 6,
 "bbox_hits": 6,
 "bbox_mean_iou": 0.973,
 "bbox_space": "norm1000/xyxy",
 "colors_right": 6,
 "serial_found": true,
 "object_count": 6,
 "prompt_sha": "8a626b5efcda2b54",
 "images_sha": "3470bb0f3ebc74f2",
 "host": "http://10.8.0.6:11497",
 "server_version": "0.32.14-rc0-dynres-0-ga5d6590",
 "prompt_eval_count": 1736,
 "eval_count": 536,
 "thinking_chars": 0,
 "answer_chars": 1246,
 "total_duration": 6627200512,
 "load_duration": 1361527282,
 "prompt_eval_duration": 1426997000,
 "eval_duration": 3648323000,
 "gen_tps": 146.92,
 "prefill_tps": 1216.54,
 "num_ctx": 16384,
 "num_predict": 2200,
 "sampling_source": "greedy-think-off",
 "sampling": {
  "temperature": 0
 },
 "req_num_predict": 2200,
 "req_num_ctx": 16384
}
--- scene_single_anchored [cudafull1_gemma4_26b-a4b-it-q4_K_M_thinkfalse] ---
{
 "json_valid": true,
 "labels_found": 6,
 "labels_total": 6,
 "bbox_hits": 6,
 "bbox_mean_iou": 0.973,
 "bbox_space": "norm1000/xyxy",
 "colors_right": 6,
 "serial_found": true,
 "object_count": 7,
 "prompt_sha": "c89ce612220b1c85",
 "images_sha": "3470bb0f3ebc74f2",
 "host": "http://10.8.0.6:11497",
 "server_version": "0.32.14-rc0-dynres-0-ga5d6590",
 "prompt_eval_count": 1822,
 "eval_count": 611,
 "thinking_chars": 0,
 "answer_chars": 1436,
 "total_duration": 6370400119,
 "load_duration": 1263745439,
 "prompt_eval_duration": 686213000,
 "eval_duration": 4190029999,
 "gen_tps": 145.82,
 "prefill_tps": 2655.15,
 "num_ctx": 16384,
 "num_predict": 2200,
 "sampling_source": "greedy-think-off",
 "sampling": {
  "temperature": 0
 },
 "req_num_predict": 2200,
 "req_num_ctx": 16384
}
--- scene_single [cudafull1_gemma4_26b-a4b-it-q4_K_M_thinkfalse] ---
{
 "json_valid": true,
 "labels_found": 6,
 "labels_total": 6,
 "bbox_hits": 6,
 "bbox_mean_iou": 0.973,
 "bbox_space": "norm1000/xyxy",
 "colors_right": 6,
 "serial_found": true,
 "object_count": 6,
 "prompt_sha": "106788e425df1b45",
 "images_sha": "3470bb0f3ebc74f2",
 "host": "http://10.8.0.6:11497",
 "server_version": "0.32.14-rc0-dynres-0-ga5d6590",
 "prompt_eval_count": 1684,
 "eval_count": 536,
 "thinking_chars": 0,
 "answer_chars": 1246,
 "total_duration": 6460859705,
 "load_duration": 1283174475,
 "prompt_eval_duration": 1401341000,
 "eval_duration": 3564443000,
 "gen_tps": 150.37,
 "prefill_tps": 1201.71,
 "num_ctx": 16384,
 "num_predict": 2200,
 "sampling_source": "greedy-think-off",
 "sampling": {
  "temperature": 0
 },
 "req_num_predict": 2200,
 "req_num_ctx": 16384
}
--- document_single [cudafull1_gemma4_26b-a4b-it-q4_K_M_thinkfalse] ---
{
 "json_valid": true,
 "invoice_no": true,
 "items_found": 5,
 "items_total": 5,
 "qty_price_right": 5,
 "total_right": true,
 "name_bbox_hits": 4,
 "name_bbox_mean_iou": 0.756,
 "name_bbox_space": "norm1000/xyxy",
 "prompt_sha": "4e628a65bc34e387",
 "images_sha": "7ea5c43a11b9829e",
 "host": "http://10.8.0.6:11497",
 "server_version": "0.32.14-rc0-dynres-0-ga5d6590",
 "prompt_eval_count": 1447,
 "eval_count": 499,
 "thinking_chars": 0,
 "answer_chars": 1023,
 "total_duration": 7179942785,
 "load_duration": 1468014297,
 "prompt_eval_duration": 1407516000,
 "eval_duration": 3430592000,
 "gen_tps": 145.46,
 "prefill_tps": 1028.05,
 "num_ctx": 16384,
 "num_predict": 2200,
 "sampling_source": "greedy-think-off",
 "sampling": {
  "temperature": 0
 },
 "req_num_predict": 2200,
 "req_num_ctx": 16384
}
--- multi_3img [cudafull1_gemma4_26b-a4b-it-q4_K_M_thinkfalse] ---
{
 "json_valid": true,
 "q1_right": true,
 "q2_right": true,
 "q4_bbox_hit": true,
 "chart_values_found": 5,
 "chart_total": 5,
 "q4_bbox_space": "norm1000/xyxy",
 "prompt_sha": "5e3ea981f6d5551e",
 "images_sha": "7a5285fe1380ac49",
 "host": "http://10.8.0.6:11497",
 "server_version": "0.32.14-rc0-dynres-0-ga5d6590",
 "prompt_eval_count": 3762,
 "eval_count": 1141,
 "thinking_chars": 0,
 "answer_chars": 3278,
 "total_duration": 13977001762,
 "load_duration": 1587879895,
 "prompt_eval_duration": 3238308000,
 "eval_duration": 7836146000,
 "gen_tps": 145.61,
 "prefill_tps": 1161.72,
 "num_ctx": 16384,
 "num_predict": 2200,
 "sampling_source": "greedy-think-off",
 "sampling": {
  "temperature": 0
 },
 "req_num_predict": 2200,
 "req_num_ctx": 16384
}
--- multi_3img_anchored [cudafull1_gemma4_26b-a4b-it-q4_K_M_thinkfalse] ---
{
 "json_valid": true,
 "q1_right": true,
 "q2_right": true,
 "q4_bbox_hit": true,
 "chart_values_found": 5,
 "chart_total": 5,
 "q4_bbox_space": "norm1000/xyxy",
 "prompt_sha": "aa1042593bd9fc5c",
 "images_sha": "7a5285fe1380ac49",
 "host": "http://10.8.0.6:11497",
 "server_version": "0.32.14-rc0-dynres-0-ga5d6590",
 "prompt_eval_count": 3846,
 "eval_count": 1194,
 "thinking_chars": 0,
 "answer_chars": 3435,
 "total_duration": 12750594076,
 "load_duration": 1610367795,
 "prompt_eval_duration": 3028262000,
 "eval_duration": 7607097000,
 "gen_tps": 156.96,
 "prefill_tps": 1270.04,
 "num_ctx": 16384,
 "num_predict": 2200,
 "sampling_source": "greedy-think-off",
 "sampling": {
  "temperature": 0
 },
 "req_num_predict": 2200,
 "req_num_ctx": 16384
}
--- bbox_contract [cudafull1_gemma4_26b-a4b-it-q4_K_M_thinkfalse] ---
{
 "json_valid": true,
 "declared_type": "norm1000",
 "declared_order": "xyxy",
 "declared_ref": [
  1920,
  1080
 ],
 "field_name": "box_2d",
 "declaration_scope": "toplevel",
 "labels_found": 6,
 "labels_total": 6,
 "hits_declared": 0,
 "iou_declared": 0.042,
 "hits_bestfit": 6,
 "bestfit_dialect": "norm1000/yxyx",
 "implied_scale": 0.985,
 "iou_at_implied_scale": 0.026,
 "anchor_present": false,
 "anchor_implied_type": null,
 "anchor_implied_ref": null,
 "hits_anchor": 0,
 "iou_anchor": 0.0,
 "anchor_beats_declared": false,
 "self_check": null,
 "self_check_reason": null,
 "degenerate_boxes": 0,
 "degenerate_labels": [],
 "declaration_valid": true,
 "declaration_matches_boxes": false,
 "contract_followed": false,
 "prompt_sha": "ff1788f04f6e8a6d",
 "images_sha": "3470bb0f3ebc74f2",
 "host": "http://10.8.0.6:11497",
 "server_version": "0.32.14-rc0-dynres-0-ga5d6590",
 "prompt_eval_count": 1511,
 "eval_count": 315,
 "thinking_chars": 0,
 "answer_chars": 549,
 "total_duration": 5521300397,
 "load_duration": 1301443737,
 "prompt_eval_duration": 1239174000,
 "eval_duration": 2107995000,
 "gen_tps": 149.43,
 "prefill_tps": 1219.36,
 "num_ctx": 16384,
 "num_predict": 2200,
 "sampling_source": "greedy-think-off",
 "sampling": {
  "temperature": 0
 },
 "req_num_predict": 2200,
 "req_num_ctx": 16384
}
--- bbox_contract_multi [cudafull1_gemma4_26b-a4b-it-q4_K_M_thinkfalse] ---
{
 "json_valid": true,
 "declared_type": "norm1000",
 "declared_order": "xyxy",
 "declared_ref": [
  1920,
  1080
 ],
 "field_name": "box_2d",
 "declaration_scope": "toplevel",
 "labels_found": 6,
 "labels_total": 6,
 "hits_declared": 0,
 "iou_declared": 0.042,
 "hits_bestfit": 6,
 "bestfit_dialect": "norm1000/yxyx",
 "implied_scale": 0.985,
 "iou_at_implied_scale": 0.026,
 "anchor_present": false,
 "anchor_implied_type": null,
 "anchor_implied_ref": null,
 "hits_anchor": 0,
 "iou_anchor": 0.0,
 "anchor_beats_declared": false,
 "self_check": null,
 "self_check_reason": null,
 "degenerate_boxes": 0,
 "degenerate_labels": [],
 "declaration_valid": true,
 "declaration_matches_boxes": false,
 "contract_followed": false,
 "prompt_sha": "c29e6e987e8396f1",
 "images_sha": "7a5285fe1380ac49",
 "host": "http://10.8.0.6:11497",
 "server_version": "0.32.14-rc0-dynres-0-ga5d6590",
 "prompt_eval_count": 3689,
 "eval_count": 315,
 "thinking_chars": 0,
 "answer_chars": 549,
 "total_duration": 6276615386,
 "load_duration": 1565098774,
 "prompt_eval_duration": 2052918999,
 "eval_duration": 2173991000,
 "gen_tps": 144.89,
 "prefill_tps": 1796.95,
 "num_ctx": 16384,
 "num_predict": 2200,
 "sampling_source": "greedy-think-off",
 "sampling": {
  "temperature": 0
 },
 "req_num_predict": 2200,
 "req_num_ctx": 16384
}
--- bbox_contract_reasoning [cudafull1_gemma4_26b-a4b-it-q4_K_M_thinkfalse] ---
{
 "json_valid": true,
 "declared_type": "norm1000",
 "declared_order": "xyxy",
 "declared_ref": [
  1920,
  1080
 ],
 "field_name": "box_2d",
 "declaration_scope": "toplevel",
 "labels_found": 6,
 "labels_total": 6,
 "hits_declared": 0,
 "iou_declared": 0.042,
 "hits_bestfit": 6,
 "bestfit_dialect": "norm1000/yxyx",
 "implied_scale": 0.985,
 "iou_at_implied_scale": 0.026,
 "anchor_present": false,
 "anchor_implied_type": null,
 "anchor_implied_ref": null,
 "hits_anchor": 0,
 "iou_anchor": 0.0,
 "anchor_beats_declared": false,
 "self_check": null,
 "self_check_reason": null,
 "degenerate_boxes": 0,
 "degenerate_labels": [],
 "declaration_valid": true,
 "declaration_matches_boxes": false,
 "contract_followed": false,
 "prompt_sha": "b640462cc251241f",
 "images_sha": "7a5285fe1380ac49",
 "host": "http://10.8.0.6:11497",
 "server_version": "0.32.14-rc0-dynres-0-ga5d6590",
 "prompt_eval_count": 3676,
 "eval_count": 424,
 "thinking_chars": 0,
 "answer_chars": 982,
 "total_duration": 6007687614,
 "load_duration": 1774643977,
 "prompt_eval_duration": 712784000,
 "eval_duration": 2960662000,
 "gen_tps": 143.21,
 "prefill_tps": 5157.24,
 "num_ctx": 16384,
 "num_predict": 2200,
 "sampling_source": "greedy-think-off",
 "sampling": {
  "temperature": 0
 },
 "req_num_predict": 2200,
 "req_num_ctx": 16384
}
--- bbox_contract_pinned [cudafull1_gemma4_26b-a4b-it-q4_K_M_thinkfalse] ---
{
 "json_valid": true,
 "declared_type": "norm1000",
 "declared_order": "xyxy",
 "declared_ref": null,
 "field_name": "box_2d",
 "declaration_scope": "toplevel",
 "labels_found": 6,
 "labels_total": 6,
 "hits_declared": 0,
 "iou_declared": 0.042,
 "hits_bestfit": 6,
 "bestfit_dialect": "norm1000/yxyx",
 "implied_scale": 0.985,
 "iou_at_implied_scale": 0.026,
 "anchor_present": false,
 "anchor_implied_type": null,
 "anchor_implied_ref": null,
 "hits_anchor": 0,
 "iou_anchor": 0.0,
 "anchor_beats_declared": false,
 "self_check": null,
 "self_check_reason": null,
 "degenerate_boxes": 0,
 "degenerate_labels": [],
 "declaration_valid": true,
 "declaration_matches_boxes": false,
 "contract_followed": false,
 "prompt_sha": "af5569e2468717dc",
 "images_sha": "7a5285fe1380ac49",
 "host": "http://10.8.0.6:11497",
 "server_version": "0.32.14-rc0-dynres-0-ga5d6590",
 "prompt_eval_count": 3538,
 "eval_count": 338,
 "thinking_chars": 0,
 "answer_chars": 761,
 "total_duration": 5595695611,
 "load_duration": 1861585858,
 "prompt_eval_duration": 889010000,
 "eval_duration": 2302743000,
 "gen_tps": 146.78,
 "prefill_tps": 3979.71,
 "num_ctx": 16384,
 "num_predict": 2200,
 "sampling_source": "greedy-think-off",
 "sampling": {
  "temperature": 0
 },
 "req_num_predict": 2200,
 "req_num_ctx": 16384
}
--- bbox_contract_perobject [cudafull1_gemma4_26b-a4b-it-q4_K_M_thinkfalse] ---
{
 "json_valid": true,
 "declared_type": "norm1000",
 "declared_order": "xyxy",
 "declared_ref": null,
 "field_name": "box_2d",
 "declaration_scope": "perobject",
 "labels_found": 6,
 "labels_total": 6,
 "hits_declared": 0,
 "iou_declared": 0.042,
 "hits_bestfit": 6,
 "bestfit_dialect": "norm1000/yxyx",
 "implied_scale": 0.985,
 "iou_at_implied_scale": 0.026,
 "anchor_present": false,
 "anchor_implied_type": null,
 "anchor_implied_ref": null,
 "hits_anchor": 0,
 "iou_anchor": 0.0,
 "anchor_beats_declared": false,
 "self_check": null,
 "self_check_reason": null,
 "degenerate_boxes": 0,
 "degenerate_labels": [],
 "declaration_valid": true,
 "declaration_matches_boxes": false,
 "contract_followed": false,
 "prompt_sha": "fe86756127ae5d1a",
 "images_sha": "7a5285fe1380ac49",
 "host": "http://10.8.0.6:11497",
 "server_version": "0.32.14-rc0-dynres-0-ga5d6590",
 "prompt_eval_count": 3551,
 "eval_count": 463,
 "thinking_chars": 0,
 "answer_chars": 1069,
 "total_duration": 5869154411,
 "load_duration": 1651728106,
 "prompt_eval_duration": 772282000,
 "eval_duration": 2937261000,
 "gen_tps": 157.63,
 "prefill_tps": 4598.06,
 "num_ctx": 16384,
 "num_predict": 2200,
 "sampling_source": "greedy-think-off",
 "sampling": {
  "temperature": 0
 },
 "req_num_predict": 2200,
 "req_num_ctx": 16384
}
--- bbox_contract_anchored [cudafull1_gemma4_26b-a4b-it-q4_K_M_thinkfalse] ---
{
 "json_valid": true,
 "declared_type": "norm1000",
 "declared_order": "xyxy",
 "declared_ref": null,
 "field_name": null,
 "declaration_scope": "perobject",
 "labels_found": 6,
 "labels_total": 6,
 "hits_declared": 6,
 "iou_declared": 0.971,
 "hits_bestfit": 6,
 "bestfit_dialect": "norm1000/xyxy",
 "implied_scale": 0.723,
 "iou_at_implied_scale": 0.072,
 "anchor_present": true,
 "anchor_implied_type": "norm1000",
 "anchor_implied_ref": null,
 "hits_anchor": 6,
 "iou_anchor": 0.971,
 "anchor_beats_declared": false,
 "self_check": true,
 "self_check_reason": "ok",
 "degenerate_boxes": 0,
 "degenerate_labels": [],
 "declaration_valid": true,
 "declaration_matches_boxes": true,
 "contract_followed": true,
 "prompt_sha": "c1159cad9345b552",
 "images_sha": "7a5285fe1380ac49",
 "host": "http://10.8.0.6:11497",
 "server_version": "0.32.14-rc0-dynres-0-ga5d6590",
 "prompt_eval_count": 3654,
 "eval_count": 387,
 "thinking_chars": 0,
 "answer_chars": 642,
 "total_duration": 5580255051,
 "load_duration": 1485371825,
 "prompt_eval_duration": 878016000,
 "eval_duration": 2760680000,
 "gen_tps": 140.18,
 "prefill_tps": 4161.66,
 "num_ctx": 16384,
 "num_predict": 2200,
 "sampling_source": "greedy-think-off",
 "sampling": {
  "temperature": 0
 },
 "req_num_predict": 2200,
 "req_num_ctx": 16384
}
--- bbox_contract_anchored_1img [cudafull1_gemma4_26b-a4b-it-q4_K_M_thinkfalse] ---
{
 "json_valid": true,
 "declared_type": "norm1000",
 "declared_order": "xyxy",
 "declared_ref": null,
 "field_name": null,
 "declaration_scope": "perobject",
 "labels_found": 6,
 "labels_total": 6,
 "hits_declared": 6,
 "iou_declared": 0.971,
 "hits_bestfit": 6,
 "bestfit_dialect": "norm1000/xyxy",
 "implied_scale": 0.723,
 "iou_at_implied_scale": 0.072,
 "anchor_present": true,
 "anchor_implied_type": "norm1000",
 "anchor_implied_ref": null,
 "hits_anchor": 6,
 "iou_anchor": 0.971,
 "anchor_beats_declared": false,
 "self_check": true,
 "self_check_reason": "ok",
 "degenerate_boxes": 0,
 "degenerate_labels": [],
 "declaration_valid": true,
 "declaration_matches_boxes": true,
 "contract_followed": true,
 "prompt_sha": "c1159cad9345b552",
 "images_sha": "3470bb0f3ebc74f2",
 "host": "http://10.8.0.6:11497",
 "server_version": "0.32.14-rc0-dynres-0-ga5d6590",
 "prompt_eval_count": 1497,
 "eval_count": 410,
 "thinking_chars": 0,
 "answer_chars": 678,
 "total_duration": 7176965415,
 "load_duration": 1332117065,
 "prompt_eval_duration": 1296975000,
 "eval_duration": 2772044000,
 "gen_tps": 147.91,
 "prefill_tps": 1154.22,
 "num_ctx": 16384,
 "num_predict": 2200,
 "sampling_source": "greedy-think-off",
 "sampling": {
  "temperature": 0
 },
 "req_num_predict": 2200,
 "req_num_ctx": 16384
}
--- bbox_contract_box2d_1img [cudafull1_gemma4_26b-a4b-it-q4_K_M_thinkfalse] ---
{
 "json_valid": true,
 "declared_type": "norm1000",
 "declared_order": "xyxy",
 "declared_ref": null,
 "field_name": "box_2d",
 "declaration_scope": "perobject",
 "labels_found": 6,
 "labels_total": 6,
 "hits_declared": 6,
 "iou_declared": 0.966,
 "hits_bestfit": 6,
 "bestfit_dialect": "norm1000/xyxy",
 "implied_scale": 0.721,
 "iou_at_implied_scale": 0.072,
 "anchor_present": true,
 "anchor_implied_type": "norm1000",
 "anchor_implied_ref": null,
 "hits_anchor": 6,
 "iou_anchor": 0.966,
 "anchor_beats_declared": false,
 "self_check": true,
 "self_check_reason": "ok",
 "degenerate_boxes": 0,
 "degenerate_labels": [],
 "declaration_valid": true,
 "declaration_matches_boxes": true,
 "contract_followed": true,
 "prompt_sha": "72f3c0c25fc6845d",
 "images_sha": "3470bb0f3ebc74f2",
 "host": "http://10.8.0.6:11497",
 "server_version": "0.32.14-rc0-dynres-0-ga5d6590",
 "prompt_eval_count": 1500,
 "eval_count": 381,
 "thinking_chars": 0,
 "answer_chars": 719,
 "total_duration": 4811950020,
 "load_duration": 1249988534,
 "prompt_eval_duration": 680163000,
 "eval_duration": 2690743000,
 "gen_tps": 141.6,
 "prefill_tps": 2205.35,
 "num_ctx": 16384,
 "num_predict": 2200,
 "sampling_source": "greedy-think-off",
 "sampling": {
  "temperature": 0
 },
 "req_num_predict": 2200,
 "req_num_ctx": 16384
}
--- bbox_contract_positional_1img [cudafull1_gemma4_26b-a4b-it-q4_K_M_thinkfalse] ---
{
 "json_valid": true,
 "declared_type": "norm1000",
 "declared_order": "xyxy",
 "declared_ref": null,
 "field_name": "box_2d",
 "declaration_scope": "perobject",
 "labels_found": 6,
 "labels_total": 6,
 "hits_declared": 6,
 "iou_declared": 0.967,
 "hits_bestfit": 6,
 "bestfit_dialect": "norm1000/xyxy",
 "implied_scale": 0.722,
 "iou_at_implied_scale": 0.072,
 "anchor_present": true,
 "anchor_implied_type": "norm1000",
 "anchor_implied_ref": null,
 "hits_anchor": 6,
 "iou_anchor": 0.967,
 "anchor_beats_declared": false,
 "self_check": true,
 "self_check_reason": "ok",
 "degenerate_boxes": 0,
 "degenerate_labels": [],
 "declaration_valid": true,
 "declaration_matches_boxes": true,
 "contract_followed": true,
 "prompt_sha": "81359502f059f454",
 "images_sha": "3470bb0f3ebc74f2",
 "host": "http://10.8.0.6:11497",
 "server_version": "0.32.14-rc0-dynres-0-ga5d6590",
 "prompt_eval_count": 1520,
 "eval_count": 381,
 "thinking_chars": 0,
 "answer_chars": 719,
 "total_duration": 4871281704,
 "load_duration": 1227887053,
 "prompt_eval_duration": 686296000,
 "eval_duration": 2742990000,
 "gen_tps": 138.9,
 "prefill_tps": 2214.79,
 "num_ctx": 16384,
 "num_predict": 2200,
 "sampling_source": "greedy-think-off",
 "sampling": {
  "temperature": 0
 },
 "req_num_predict": 2200,
 "req_num_ctx": 16384
}
--- bbox_contract_real_1img [cudafull1_gemma4_26b-a4b-it-q4_K_M_thinkfalse] ---
{
 "json_valid": true,
 "declared_type": "real",
 "declared_order": "xyxy",
 "declared_ref": [
  1920,
  1080
 ],
 "field_name": null,
 "declaration_scope": "perobject",
 "labels_found": 6,
 "labels_total": 6,
 "hits_declared": 1,
 "iou_declared": 0.147,
 "hits_bestfit": 5,
 "bestfit_dialect": "norm1000/xyxy",
 "implied_scale": 0.762,
 "iou_at_implied_scale": 0.083,
 "anchor_present": true,
 "anchor_implied_type": "real",
 "anchor_implied_ref": [
  1920,
  1080
 ],
 "hits_anchor": 1,
 "iou_anchor": 0.147,
 "anchor_beats_declared": false,
 "self_check": false,
 "self_check_reason": "aspect: anchor 1.78 vs object extent 1.05",
 "degenerate_boxes": 0,
 "degenerate_labels": [],
 "declaration_valid": true,
 "declaration_matches_boxes": false,
 "contract_followed": false,
 "prompt_sha": "c69c59040c15ea65",
 "images_sha": "3470bb0f3ebc74f2",
 "host": "http://10.8.0.6:11497",
 "server_version": "0.32.14-rc0-dynres-0-ga5d6590",
 "prompt_eval_count": 1457,
 "eval_count": 656,
 "thinking_chars": 0,
 "answer_chars": 1337,
 "total_duration": 6711306522,
 "load_duration": 1325180334,
 "prompt_eval_duration": 746307000,
 "eval_duration": 4433286000,
 "gen_tps": 147.97,
 "prefill_tps": 1952.28,
 "num_ctx": 16384,
 "num_predict": 2200,
 "sampling_source": "greedy-think-off",
 "sampling": {
  "temperature": 0
 },
 "req_num_predict": 2200,
 "req_num_ctx": 16384
}
--- bbox_contract_adv_real [cudafull1_gemma4_26b-a4b-it-q4_K_M_thinkfalse] ---
{
 "json_valid": true,
 "declared_type": "real",
 "declared_order": "xyxy",
 "declared_ref": [
  1920,
  1080
 ],
 "field_name": null,
 "declaration_scope": "perobject",
 "labels_found": 6,
 "labels_total": 6,
 "hits_declared": 1,
 "iou_declared": 0.043,
 "hits_bestfit": 6,
 "bestfit_dialect": "norm1000/xyxy",
 "implied_scale": 0.723,
 "iou_at_implied_scale": 0.072,
 "anchor_present": true,
 "anchor_implied_type": "norm1000",
 "anchor_implied_ref": null,
 "hits_anchor": 6,
 "iou_anchor": 0.971,
 "anchor_beats_declared": true,
 "self_check": true,
 "self_check_reason": "ok",
 "degenerate_boxes": 0,
 "degenerate_labels": [],
 "declaration_valid": true,
 "declaration_matches_boxes": false,
 "contract_followed": false,
 "prompt_sha": "316cf35bd24dd403",
 "images_sha": "7a5285fe1380ac49",
 "host": "http://10.8.0.6:11497",
 "server_version": "0.32.14-rc0-dynres-0-ga5d6590",
 "prompt_eval_count": 3549,
 "eval_count": 627,
 "thinking_chars": 0,
 "answer_chars": 1168,
 "total_duration": 8511536391,
 "load_duration": 1414449897,
 "prompt_eval_duration": 2121262000,
 "eval_duration": 4443737000,
 "gen_tps": 141.1,
 "prefill_tps": 1673.06,
 "num_ctx": 16384,
 "num_predict": 2200,
 "sampling_source": "greedy-think-off",
 "sampling": {
  "temperature": 0
 },
 "req_num_predict": 2200,
 "req_num_ctx": 16384
}
--- bbox_contract_adv_norm1 [cudafull1_gemma4_26b-a4b-it-q4_K_M_thinkfalse] ---
{
 "json_valid": true,
 "declared_type": "norm1",
 "declared_order": "xyxy",
 "declared_ref": null,
 "field_name": null,
 "declaration_scope": "perobject",
 "labels_found": 6,
 "labels_total": 6,
 "hits_declared": 6,
 "iou_declared": 0.971,
 "hits_bestfit": 6,
 "bestfit_dialect": "norm1/xyxy",
 "implied_scale": 0.001,
 "iou_at_implied_scale": 0.073,
 "anchor_present": true,
 "anchor_implied_type": "norm1",
 "anchor_implied_ref": null,
 "hits_anchor": 6,
 "iou_anchor": 0.971,
 "anchor_beats_declared": false,
 "self_check": true,
 "self_check_reason": "ok",
 "degenerate_boxes": 0,
 "degenerate_labels": [],
 "declaration_valid": true,
 "declaration_matches_boxes": true,
 "contract_followed": true,
 "prompt_sha": "5868e908d1e35b59",
 "images_sha": "7a5285fe1380ac49",
 "host": "http://10.8.0.6:11497",
 "server_version": "0.32.14-rc0-dynres-0-ga5d6590",
 "prompt_eval_count": 3531,
 "eval_count": 545,
 "thinking_chars": 0,
 "answer_chars": 1002,
 "total_duration": 6447888604,
 "load_duration": 1490974105,
 "prompt_eval_duration": 676202000,
 "eval_duration": 3809592000,
 "gen_tps": 143.06,
 "prefill_tps": 5221.81,
 "num_ctx": 16384,
 "num_predict": 2200,
 "sampling_source": "greedy-think-off",
 "sampling": {
  "temperature": 0
 },
 "req_num_predict": 2200,
 "req_num_ctx": 16384
}
--- finetext [cudafull1_gemma4_26b-a4b-it-q4_K_M_thinkfalse] ---
{
 "json_valid": true,
 "recall_22px": 4,
 "recall_16px": 4,
 "recall_12px": 4,
 "recall_9px": 3,
 "recall_7px": 3,
 "total_found": 20,
 "prompt_sha": "2609dc6cba954ae7",
 "images_sha": "a1d6d5519519ecb4",
 "host": "http://10.8.0.6:11497",
 "server_version": "0.32.14-rc0-dynres-0-ga5d6590",
 "prompt_eval_count": 1173,
 "eval_count": 264,
 "thinking_chars": 0,
 "answer_chars": 351,
 "total_duration": 5733897953,
 "load_duration": 1438897551,
 "prompt_eval_duration": 1237777000,
 "eval_duration": 1742794000,
 "gen_tps": 151.48,
 "prefill_tps": 947.67,
 "num_ctx": 16384,
 "num_predict": 2200,
 "sampling_source": "greedy-think-off",
 "sampling": {
  "temperature": 0
 },
 "req_num_predict": 2200,
 "req_num_ctx": 16384
}
SUITE DONE cudafull1_gemma4_26b-a4b-it-q4_K_M_thinkfalse
--- finetext [cudafull1_gemma4_26b-a4b-it-q4_K_M_thinkfalse] ---
{
 "tag": "cudafull1_gemma4_26b-a4b-it-q4_K_M_thinkfalse",
 "json_valid": true,
 "recall_22px": 4,
 "recall_16px": 4,
 "recall_12px": 4,
 "recall_9px": 3,
 "recall_7px": 3,
 "total_found": 20,
 "host": "http://10.8.0.6:11497",
 "server_version": "0.32.14-rc0-dynres-0-ga5d6590",
 "prompt_eval_count": 1173,
 "eval_count": 264,
 "thinking_chars": 0,
 "answer_chars": 351,
 "num_ctx": 16384,
 "num_predict": 2200,
 "sampling_source": "greedy-think-off",
 "sampling": {
  "temperature": 0
 }
}
##### DONE gemma4:26b-a4b-it-q4_K_M think=false rep=1 10:40:28
##### MODEL gemma4:26b-a4b-it-q4_K_M think=on tag=cudafull1_gemma4_26b-a4b-it-q4_K_M_thinkon num_predict=8192 num_ctx=16384 10:40:28 powermode=2
evicted ['gemma4:26b-a4b-it-q4_K_M']
unload gemma4:26b-a4b-it-q4_K_M: ok
--- bboxm_pin_anc_named [cudafull1_gemma4_26b-a4b-it-q4_K_M_thinkon] ---
{
 "json_valid": true,
 "declared_type": "norm1000",
 "declared_order": "xyxy",
 "declared_ref": null,
 "field_name": null,
 "declaration_scope": "perobject",
 "labels_found": 6,
 "labels_total": 6,
 "hits_declared": 6,
 "iou_declared": 0.965,
 "hits_bestfit": 6,
 "bestfit_dialect": "norm1000/xyxy",
 "implied_scale": 0.721,
 "iou_at_implied_scale": 0.072,
 "anchor_present": true,
 "anchor_implied_type": "norm1000",
 "anchor_implied_ref": null,
 "hits_anchor": 6,
 "iou_anchor": 0.965,
 "anchor_beats_declared": false,
 "self_check": true,
 "self_check_reason": "ok",
 "degenerate_boxes": 0,
 "degenerate_labels": [],
 "declaration_valid": true,
 "declaration_matches_boxes": true,
 "contract_followed": true,
 "prompt_sha": "9046c68c8cb2f152",
 "images_sha": "3470bb0f3ebc74f2",
 "prompt_parts": {
  "convention": "8a2ee7bf80445f0a",
  "coords": "eb79a53b4f9241ee",
  "anchor": "d0fca938258091fa",
  "schema": "767bd3d7d37cc96f",
  "dialect": "a683c5c5349f6f7f"
 },
 "offered_key": null,
 "host": "http://10.8.0.6:11497",
 "server_version": "0.32.14-rc0-dynres-0-ga5d6590",
 "prompt_eval_count": 1465,
 "eval_count": 1858,
 "thinking_chars": 2888,
 "answer_chars": 642,
 "total_duration": 32376592424,
 "load_duration": 16482561376,
 "prompt_eval_duration": 2857622454,
 "eval_duration": 12833636189,
 "gen_tps": 144.78,
 "prefill_tps": 512.66,
 "num_ctx": 16384,
 "num_predict": 8192,
 "sampling_source": "card:gemma4+temp0",
 "sampling": {
  "temperature": 0.0,
  "top_p": 0.95,
  "top_k": 64
 },
 "req_num_predict": 8192,
 "req_num_ctx": 16384
}
--- bboxm_pin_anc_pos [cudafull1_gemma4_26b-a4b-it-q4_K_M_thinkon] ---
{
 "json_valid": true,
 "declared_type": "norm1000",
 "declared_order": "xyxy",
 "declared_ref": null,
 "field_name": "box_2d",
 "declaration_scope": "perobject",
 "labels_found": 6,
 "labels_total": 6,
 "hits_declared": 6,
 "iou_declared": 0.966,
 "hits_bestfit": 6,
 "bestfit_dialect": "norm1000/xyxy",
 "implied_scale": 0.722,
 "iou_at_implied_scale": 0.072,
 "anchor_present": true,
 "anchor_implied_type": "norm1000",
 "anchor_implied_ref": null,
 "hits_anchor": 6,
 "iou_anchor": 0.966,
 "anchor_beats_declared": false,
 "self_check": true,
 "self_check_reason": "ok",
 "degenerate_boxes": 0,
 "degenerate_labels": [],
 "declaration_valid": true,
 "declaration_matches_boxes": true,
 "contract_followed": true,
 "prompt_sha": "4e8b7db664da7165",
 "images_sha": "3470bb0f3ebc74f2",
 "prompt_parts": {
  "convention": "8a2ee7bf80445f0a",
  "coords": "d9ad3bbd292d11c7",
  "anchor": "d0fca938258091fa",
  "schema": "eff01b8145940261",
  "dialect": "bb99d88078941279"
 },
 "offered_key": "box_2d",
 "host": "http://10.8.0.6:11497",
 "server_version": "0.32.14-rc0-dynres-0-ga5d6590",
 "prompt_eval_count": 1516,
 "eval_count": 3770,
 "thinking_chars": 6714,
 "answer_chars": 755,
 "total_duration": 30517856873,
 "load_duration": 1322703586,
 "prompt_eval_duration": 3783692206,
 "eval_duration": 25180471601,
 "gen_tps": 149.72,
 "prefill_tps": 400.67,
 "num_ctx": 16384,
 "num_predict": 8192,
 "sampling_source": "card:gemma4+temp0",
 "sampling": {
  "temperature": 0.0,
  "top_p": 0.95,
  "top_k": 64
 },
 "req_num_predict": 8192,
 "req_num_ctx": 16384
}
--- bboxm_pin_noanc_named [cudafull1_gemma4_26b-a4b-it-q4_K_M_thinkon] ---
{
 "json_valid": true,
 "declared_type": "norm1000",
 "declared_order": "xyxy",
 "declared_ref": null,
 "field_name": null,
 "declaration_scope": "perobject",
 "labels_found": 6,
 "labels_total": 6,
 "hits_declared": 6,
 "iou_declared": 0.965,
 "hits_bestfit": 6,
 "bestfit_dialect": "norm1000/xyxy",
 "implied_scale": 0.721,
 "iou_at_implied_scale": 0.072,
 "anchor_present": false,
 "anchor_implied_type": null,
 "anchor_implied_ref": null,
 "hits_anchor": 0,
 "iou_anchor": 0.0,
 "anchor_beats_declared": false,
 "self_check": null,
 "self_check_reason": null,
 "degenerate_boxes": 0,
 "degenerate_labels": [],
 "declaration_valid": true,
 "declaration_matches_boxes": true,
 "contract_followed": true,
 "prompt_sha": "45f32d2935196d5d",
 "images_sha": "3470bb0f3ebc74f2",
 "prompt_parts": {
  "convention": "8a2ee7bf80445f0a",
  "coords": "eb79a53b4f9241ee",
  "anchor": "e3b0c44298fc1c14",
  "schema": "83d3dd88f713cb86",
  "dialect": "a683c5c5349f6f7f"
 },
 "offered_key": null,
 "host": "http://10.8.0.6:11497",
 "server_version": "0.32.14-rc0-dynres-0-ga5d6590",
 "prompt_eval_count": 1381,
 "eval_count": 3856,
 "thinking_chars": 6097,
 "answer_chars": 835,
 "total_duration": 30878740345,
 "load_duration": 1281621923,
 "prompt_eval_duration": 3778786027,
 "eval_duration": 25616628349,
 "gen_tps": 150.53,
 "prefill_tps": 365.46,
 "num_ctx": 16384,
 "num_predict": 8192,
 "sampling_source": "card:gemma4+temp0",
 "sampling": {
  "temperature": 0.0,
  "top_p": 0.95,
  "top_k": 64
 },
 "req_num_predict": 8192,
 "req_num_ctx": 16384
}
--- bboxm_pin_noanc_pos [cudafull1_gemma4_26b-a4b-it-q4_K_M_thinkon] ---
{
 "json_valid": true,
 "declared_type": "norm1000",
 "declared_order": "xyxy",
 "declared_ref": null,
 "field_name": "box_2d",
 "declaration_scope": "perobject",
 "labels_found": 6,
 "labels_total": 6,
 "hits_declared": 6,
 "iou_declared": 0.965,
 "hits_bestfit": 6,
 "bestfit_dialect": "norm1000/xyxy",
 "implied_scale": 0.722,
 "iou_at_implied_scale": 0.072,
 "anchor_present": false,
 "anchor_implied_type": null,
 "anchor_implied_ref": null,
 "hits_anchor": 0,
 "iou_anchor": 0.0,
 "anchor_beats_declared": false,
 "self_check": null,
 "self_check_reason": null,
 "degenerate_boxes": 0,
 "degenerate_labels": [],
 "declaration_valid": true,
 "declaration_matches_boxes": true,
 "contract_followed": true,
 "prompt_sha": "897576958243aa9f",
 "images_sha": "3470bb0f3ebc74f2",
 "prompt_parts": {
  "convention": "8a2ee7bf80445f0a",
  "coords": "d9ad3bbd292d11c7",
  "anchor": "e3b0c44298fc1c14",
  "schema": "3f17d19c7b051c2b",
  "dialect": "bb99d88078941279"
 },
 "offered_key": "box_2d",
 "host": "http://10.8.0.6:11497",
 "server_version": "0.32.14-rc0-dynres-0-ga5d6590",
 "prompt_eval_count": 1427,
 "eval_count": 2357,
 "thinking_chars": 4305,
 "answer_chars": 1069,
 "total_duration": 21010375095,
 "load_duration": 1361566540,
 "prompt_eval_duration": 3765179571,
 "eval_duration": 15665755345,
 "gen_tps": 150.46,
 "prefill_tps": 379.0,
 "num_ctx": 16384,
 "num_predict": 8192,
 "sampling_source": "card:gemma4+temp0",
 "sampling": {
  "temperature": 0.0,
  "top_p": 0.95,
  "top_k": 64
 },
 "req_num_predict": 8192,
 "req_num_ctx": 16384
}
--- bboxm_free_anc_named [cudafull1_gemma4_26b-a4b-it-q4_K_M_thinkon] ---
{
 "json_valid": true,
 "declared_type": "norm1000",
 "declared_order": "xyxy",
 "declared_ref": [
  1920,
  1080
 ],
 "field_name": null,
 "declaration_scope": "perobject",
 "labels_found": 6,
 "labels_total": 6,
 "hits_declared": 6,
 "iou_declared": 0.968,
 "hits_bestfit": 6,
 "bestfit_dialect": "norm1000/xyxy",
 "implied_scale": 0.722,
 "iou_at_implied_scale": 0.072,
 "anchor_present": true,
 "anchor_implied_type": "norm1000",
 "anchor_implied_ref": null,
 "hits_anchor": 6,
 "iou_anchor": 0.968,
 "anchor_beats_declared": false,
 "self_check": true,
 "self_check_reason": "ok",
 "degenerate_boxes": 0,
 "degenerate_labels": [],
 "declaration_valid": true,
 "declaration_matches_boxes": true,
 "contract_followed": true,
 "prompt_sha": "411e67aea82fa1c4",
 "images_sha": "3470bb0f3ebc74f2",
 "prompt_parts": {
  "convention": "7d2f0795092f0fd8",
  "coords": "eb79a53b4f9241ee",
  "anchor": "d0fca938258091fa",
  "schema": "93d3e11298fd3fd2",
  "dialect": "a683c5c5349f6f7f"
 },
 "offered_key": null,
 "host": "http://10.8.0.6:11497",
 "server_version": "0.32.14-rc0-dynres-0-ga5d6590",
 "prompt_eval_count": 1487,
 "eval_count": 2985,
 "thinking_chars": 4387,
 "answer_chars": 860,
 "total_duration": 24904746234,
 "load_duration": 1341262320,
 "prompt_eval_duration": 3206911956,
 "eval_duration": 20159608330,
 "gen_tps": 148.07,
 "prefill_tps": 463.69,
 "num_ctx": 16384,
 "num_predict": 8192,
 "sampling_source": "card:gemma4+temp0",
 "sampling": {
  "temperature": 0.0,
  "top_p": 0.95,
  "top_k": 64
 },
 "req_num_predict": 8192,
 "req_num_ctx": 16384
}
--- bboxm_free_anc_pos [cudafull1_gemma4_26b-a4b-it-q4_K_M_thinkon] ---
{
 "json_valid": true,
 "declared_type": "norm1000",
 "declared_order": "xyxy",
 "declared_ref": [
  1000,
  1000
 ],
 "field_name": "box_2d",
 "declaration_scope": "perobject",
 "labels_found": 6,
 "labels_total": 6,
 "hits_declared": 6,
 "iou_declared": 0.966,
 "hits_bestfit": 6,
 "bestfit_dialect": "norm1000/xyxy",
 "implied_scale": 0.721,
 "iou_at_implied_scale": 0.072,
 "anchor_present": true,
 "anchor_implied_type": "norm1000",
 "anchor_implied_ref": null,
 "hits_anchor": 6,
 "iou_anchor": 0.966,
 "anchor_beats_declared": false,
 "self_check": true,
 "self_check_reason": "ok",
 "degenerate_boxes": 0,
 "degenerate_labels": [],
 "declaration_valid": true,
 "declaration_matches_boxes": true,
 "contract_followed": true,
 "prompt_sha": "e1af6b71ec56afcc",
 "images_sha": "3470bb0f3ebc74f2",
 "prompt_parts": {
  "convention": "7d2f0795092f0fd8",
  "coords": "d9ad3bbd292d11c7",
  "anchor": "d0fca938258091fa",
  "schema": "7f247e6ffe3ca52b",
  "dialect": "bb99d88078941279"
 },
 "offered_key": "box_2d",
 "host": "http://10.8.0.6:11497",
 "server_version": "0.32.14-rc0-dynres-0-ga5d6590",
 "prompt_eval_count": 1538,
 "eval_count": 3568,
 "thinking_chars": 5765,
 "answer_chars": 937,
 "total_duration": 29764894409,
 "load_duration": 1232569532,
 "prompt_eval_duration": 3715482779,
 "eval_duration": 24575561285,
 "gen_tps": 145.18,
 "prefill_tps": 413.94,
 "num_ctx": 16384,
 "num_predict": 8192,
 "sampling_source": "card:gemma4+temp0",
 "sampling": {
  "temperature": 0.0,
  "top_p": 0.95,
  "top_k": 64
 },
 "req_num_predict": 8192,
 "req_num_ctx": 16384
}
--- bboxm_free_noanc_named [cudafull1_gemma4_26b-a4b-it-q4_K_M_thinkon] ---
{
 "json_valid": false,
 "declared_type": null,
 "declared_order": null,
 "declared_ref": null,
 "field_name": null,
 "declaration_scope": null,
 "labels_found": 0,
 "labels_total": 6,
 "hits_declared": 0,
 "iou_declared": 0.0,
 "hits_bestfit": 0,
 "bestfit_dialect": null,
 "implied_scale": null,
 "iou_at_implied_scale": null,
 "anchor_present": false,
 "anchor_implied_type": null,
 "anchor_implied_ref": null,
 "hits_anchor": 0,
 "iou_anchor": 0.0,
 "anchor_beats_declared": false,
 "self_check": null,
 "self_check_reason": null,
 "degenerate_boxes": 0,
 "degenerate_labels": [],
 "declaration_valid": false,
 "declaration_matches_boxes": false,
 "contract_followed": false,
 "prompt_sha": "490054d91d4cb68a",
 "images_sha": "3470bb0f3ebc74f2",
 "prompt_parts": {
  "convention": "7d2f0795092f0fd8",
  "coords": "eb79a53b4f9241ee",
  "anchor": "e3b0c44298fc1c14",
  "schema": "83d3dd88f713cb86",
  "dialect": "a683c5c5349f6f7f"
 },
 "offered_key": null,
 "host": "http://10.8.0.6:11497",
 "server_version": "0.32.14-rc0-dynres-0-ga5d6590",
 "prompt_eval_count": 1396,
 "eval_count": 8192,
 "thinking_chars": 12982,
 "answer_chars": 0,
 "total_duration": 57299417067,
 "load_duration": 1245516067,
 "prompt_eval_duration": 1295420000,
 "eval_duration": 52600663000,
 "gen_tps": 155.74,
 "prefill_tps": 1077.64,
 "num_ctx": 16384,
 "num_predict": 8192,
 "sampling_source": "card:gemma4+temp0",
 "sampling": {
  "temperature": 0.0,
  "top_p": 0.95,
  "top_k": 64
 },
 "req_num_predict": 8192,
 "req_num_ctx": 16384
}
--- bboxm_free_noanc_pos [cudafull1_gemma4_26b-a4b-it-q4_K_M_thinkon] ---
{
 "json_valid": true,
 "declared_type": "norm1000",
 "declared_order": "xyxy",
 "declared_ref": [
  1000,
  1000
 ],
 "field_name": "box_2d",
 "declaration_scope": "perobject",
 "labels_found": 6,
 "labels_total": 6,
 "hits_declared": 6,
 "iou_declared": 0.968,
 "hits_bestfit": 6,
 "bestfit_dialect": "norm1000/xyxy",
 "implied_scale": 0.722,
 "iou_at_implied_scale": 0.072,
 "anchor_present": false,
 "anchor_implied_type": null,
 "anchor_implied_ref": null,
 "hits_anchor": 0,
 "iou_anchor": 0.0,
 "anchor_beats_declared": false,
 "self_check": null,
 "self_check_reason": null,
 "degenerate_boxes": 0,
 "degenerate_labels": [],
 "declaration_valid": true,
 "declaration_matches_boxes": true,
 "contract_followed": true,
 "prompt_sha": "899360a2db7409a4",
 "images_sha": "3470bb0f3ebc74f2",
 "prompt_parts": {
  "convention": "7d2f0795092f0fd8",
  "coords": "d9ad3bbd292d11c7",
  "anchor": "e3b0c44298fc1c14",
  "schema": "3f17d19c7b051c2b",
  "dialect": "bb99d88078941279"
 },
 "offered_key": "box_2d",
 "host": "http://10.8.0.6:11497",
 "server_version": "0.32.14-rc0-dynres-0-ga5d6590",
 "prompt_eval_count": 1442,
 "eval_count": 3327,
 "thinking_chars": 6055,
 "answer_chars": 1021,
 "total_duration": 26756228517,
 "load_duration": 1302854887,
 "prompt_eval_duration": 3261899282,
 "eval_duration": 21971992633,
 "gen_tps": 151.42,
 "prefill_tps": 442.07,
 "num_ctx": 16384,
 "num_predict": 8192,
 "sampling_source": "card:gemma4+temp0",
 "sampling": {
  "temperature": 0.0,
  "top_p": 0.95,
  "top_k": 64
 },
 "req_num_predict": 8192,
 "req_num_ctx": 16384
}
--- scene_single_pinned [cudafull1_gemma4_26b-a4b-it-q4_K_M_thinkon] ---
{
 "json_valid": true,
 "labels_found": 6,
 "labels_total": 6,
 "bbox_hits": 6,
 "bbox_mean_iou": 0.968,
 "bbox_space": "norm1000/xyxy",
 "colors_right": 6,
 "serial_found": true,
 "object_count": 6,
 "prompt_sha": "8a626b5efcda2b54",
 "images_sha": "3470bb0f3ebc74f2",
 "host": "http://10.8.0.6:11497",
 "server_version": "0.32.14-rc0-dynres-0-ga5d6590",
 "prompt_eval_count": 1739,
 "eval_count": 2300,
 "thinking_chars": 3923,
 "answer_chars": 1245,
 "total_duration": 20590530981,
 "load_duration": 1344335099,
 "prompt_eval_duration": 3810064299,
 "eval_duration": 15220314100,
 "gen_tps": 151.11,
 "prefill_tps": 456.42,
 "num_ctx": 16384,
 "num_predict": 8192,
 "sampling_source": "card:gemma4+temp0",
 "sampling": {
  "temperature": 0.0,
  "top_p": 0.95,
  "top_k": 64
 },
 "req_num_predict": 8192,
 "req_num_ctx": 16384
}
--- scene_single_anchored [cudafull1_gemma4_26b-a4b-it-q4_K_M_thinkon] ---
{
 "json_valid": true,
 "labels_found": 6,
 "labels_total": 6,
 "bbox_hits": 6,
 "bbox_mean_iou": 0.968,
 "bbox_space": "norm1000/xyxy",
 "colors_right": 6,
 "serial_found": true,
 "object_count": 7,
 "prompt_sha": "c89ce612220b1c85",
 "images_sha": "3470bb0f3ebc74f2",
 "host": "http://10.8.0.6:11497",
 "server_version": "0.32.14-rc0-dynres-0-ga5d6590",
 "prompt_eval_count": 1825,
 "eval_count": 4029,
 "thinking_chars": 8164,
 "answer_chars": 1091,
 "total_duration": 32690033094,
 "load_duration": 1297158074,
 "prompt_eval_duration": 3723646942,
 "eval_duration": 27426212496,
 "gen_tps": 146.9,
 "prefill_tps": 490.11,
 "num_ctx": 16384,
 "num_predict": 8192,
 "sampling_source": "card:gemma4+temp0",
 "sampling": {
  "temperature": 0.0,
  "top_p": 0.95,
  "top_k": 64
 },
 "req_num_predict": 8192,
 "req_num_ctx": 16384
}
--- scene_single [cudafull1_gemma4_26b-a4b-it-q4_K_M_thinkon] ---
{
 "json_valid": false,
 "labels_found": 0,
 "labels_total": 6,
 "bbox_hits": 0,
 "bbox_mean_iou": 0.0,
 "bbox_space": null,
 "colors_right": 0,
 "serial_found": false,
 "object_count": null,
 "prompt_sha": "106788e425df1b45",
 "images_sha": "3470bb0f3ebc74f2",
 "host": "http://10.8.0.6:11497",
 "server_version": "0.32.14-rc0-dynres-0-ga5d6590",
 "prompt_eval_count": 1687,
 "eval_count": 8192,
 "thinking_chars": 16837,
 "answer_chars": 0,
 "total_duration": 58355177147,
 "load_duration": 1480293569,
 "prompt_eval_duration": 1258145000,
 "eval_duration": 53775569000,
 "gen_tps": 152.34,
 "prefill_tps": 1340.86,
 "num_ctx": 16384,
 "num_predict": 8192,
 "sampling_source": "card:gemma4+temp0",
 "sampling": {
  "temperature": 0.0,
  "top_p": 0.95,
  "top_k": 64
 },
 "req_num_predict": 8192,
 "req_num_ctx": 16384
}
--- document_single [cudafull1_gemma4_26b-a4b-it-q4_K_M_thinkon] ---
{
 "json_valid": true,
 "invoice_no": true,
 "items_found": 5,
 "items_total": 5,
 "qty_price_right": 5,
 "total_right": true,
 "name_bbox_hits": 4,
 "name_bbox_mean_iou": 0.714,
 "name_bbox_space": "norm1000/xyxy",
 "prompt_sha": "4e628a65bc34e387",
 "images_sha": "7ea5c43a11b9829e",
 "host": "http://10.8.0.6:11497",
 "server_version": "0.32.14-rc0-dynres-0-ga5d6590",
 "prompt_eval_count": 1450,
 "eval_count": 3902,
 "thinking_chars": 7886,
 "answer_chars": 1018,
 "total_duration": 30696488141,
 "load_duration": 1460486156,
 "prompt_eval_duration": 3257179950,
 "eval_duration": 25738826619,
 "gen_tps": 151.6,
 "prefill_tps": 445.17,
 "num_ctx": 16384,
 "num_predict": 8192,
 "sampling_source": "card:gemma4+temp0",
 "sampling": {
  "temperature": 0.0,
  "top_p": 0.95,
  "top_k": 64
 },
 "req_num_predict": 8192,
 "req_num_ctx": 16384
}
--- multi_3img [cudafull1_gemma4_26b-a4b-it-q4_K_M_thinkon] ---
{
 "json_valid": true,
 "q1_right": true,
 "q2_right": true,
 "q4_bbox_hit": true,
 "chart_values_found": 5,
 "chart_total": 5,
 "q4_bbox_space": "norm1000/xyxy",
 "prompt_sha": "5e3ea981f6d5551e",
 "images_sha": "7a5285fe1380ac49",
 "host": "http://10.8.0.6:11497",
 "server_version": "0.32.14-rc0-dynres-0-ga5d6590",
 "prompt_eval_count": 3765,
 "eval_count": 4805,
 "thinking_chars": 8495,
 "answer_chars": 3238,
 "total_duration": 40556052827,
 "load_duration": 1573624915,
 "prompt_eval_duration": 6195262861,
 "eval_duration": 32263612312,
 "gen_tps": 148.93,
 "prefill_tps": 607.72,
 "num_ctx": 16384,
 "num_predict": 8192,
 "sampling_source": "card:gemma4+temp0",
 "sampling": {
  "temperature": 0.0,
  "top_p": 0.95,
  "top_k": 64
 },
 "req_num_predict": 8192,
 "req_num_ctx": 16384
}
--- multi_3img_anchored [cudafull1_gemma4_26b-a4b-it-q4_K_M_thinkon] ---
{
 "json_valid": true,
 "q1_right": true,
 "q2_right": true,
 "q4_bbox_hit": true,
 "chart_values_found": 5,
 "chart_total": 5,
 "q4_bbox_space": "norm1000/xyxy",
 "prompt_sha": "aa1042593bd9fc5c",
 "images_sha": "7a5285fe1380ac49",
 "host": "http://10.8.0.6:11497",
 "server_version": "0.32.14-rc0-dynres-0-ga5d6590",
 "prompt_eval_count": 3849,
 "eval_count": 6704,
 "thinking_chars": 12223,
 "answer_chars": 3247,
 "total_duration": 51756717519,
 "load_duration": 1510446652,
 "prompt_eval_duration": 3794597805,
 "eval_duration": 45886409065,
 "gen_tps": 146.1,
 "prefill_tps": 1014.34,
 "num_ctx": 16384,
 "num_predict": 8192,
 "sampling_source": "card:gemma4+temp0",
 "sampling": {
  "temperature": 0.0,
  "top_p": 0.95,
  "top_k": 64
 },
 "req_num_predict": 8192,
 "req_num_ctx": 16384
}
--- bbox_contract [cudafull1_gemma4_26b-a4b-it-q4_K_M_thinkon] ---
{
 "json_valid": true,
 "declared_type": "norm1000",
 "declared_order": "xyxy",
 "declared_ref": null,
 "field_name": "box_2d",
 "declaration_scope": "toplevel",
 "labels_found": 6,
 "labels_total": 6,
 "hits_declared": 6,
 "iou_declared": 0.967,
 "hits_bestfit": 6,
 "bestfit_dialect": "norm1000/xyxy",
 "implied_scale": 0.722,
 "iou_at_implied_scale": 0.072,
 "anchor_present": false,
 "anchor_implied_type": null,
 "anchor_implied_ref": null,
 "hits_anchor": 0,
 "iou_anchor": 0.0,
 "anchor_beats_declared": false,
 "self_check": null,
 "self_check_reason": null,
 "degenerate_boxes": 0,
 "degenerate_labels": [],
 "declaration_valid": true,
 "declaration_matches_boxes": true,
 "contract_followed": true,
 "prompt_sha": "ff1788f04f6e8a6d",
 "images_sha": "3470bb0f3ebc74f2",
 "host": "http://10.8.0.6:11497",
 "server_version": "0.32.14-rc0-dynres-0-ga5d6590",
 "prompt_eval_count": 1514,
 "eval_count": 2531,
 "thinking_chars": 4281,
 "answer_chars": 377,
 "total_duration": 22985461718,
 "load_duration": 1331969793,
 "prompt_eval_duration": 4662136516,
 "eval_duration": 16772970267,
 "gen_tps": 150.9,
 "prefill_tps": 324.74,
 "num_ctx": 16384,
 "num_predict": 8192,
 "sampling_source": "card:gemma4+temp0",
 "sampling": {
  "temperature": 0.0,
  "top_p": 0.95,
  "top_k": 64
 },
 "req_num_predict": 8192,
 "req_num_ctx": 16384
}
--- bbox_contract_multi [cudafull1_gemma4_26b-a4b-it-q4_K_M_thinkon] ---
{
 "json_valid": true,
 "declared_type": "norm1000",
 "declared_order": "xyxy",
 "declared_ref": [
  1920,
  1080
 ],
 "field_name": "box_2d",
 "declaration_scope": "toplevel",
 "labels_found": 6,
 "labels_total": 6,
 "hits_declared": 6,
 "iou_declared": 0.967,
 "hits_bestfit": 6,
 "bestfit_dialect": "norm1000/xyxy",
 "implied_scale": 0.722,
 "iou_at_implied_scale": 0.072,
 "anchor_present": false,
 "anchor_implied_type": null,
 "anchor_implied_ref": null,
 "hits_anchor": 0,
 "iou_anchor": 0.0,
 "anchor_beats_declared": false,
 "self_check": null,
 "self_check_reason": null,
 "degenerate_boxes": 0,
 "degenerate_labels": [],
 "declaration_valid": true,
 "declaration_matches_boxes": true,
 "contract_followed": true,
 "prompt_sha": "c29e6e987e8396f1",
 "images_sha": "7a5285fe1380ac49",
 "host": "http://10.8.0.6:11497",
 "server_version": "0.32.14-rc0-dynres-0-ga5d6590",
 "prompt_eval_count": 3692,
 "eval_count": 2071,
 "thinking_chars": 3629,
 "answer_chars": 403,
 "total_duration": 22480606708,
 "load_duration": 1468533343,
 "prompt_eval_duration": 6058018414,
 "eval_duration": 14495889286,
 "gen_tps": 142.87,
 "prefill_tps": 609.44,
 "num_ctx": 16384,
 "num_predict": 8192,
 "sampling_source": "card:gemma4+temp0",
 "sampling": {
  "temperature": 0.0,
  "top_p": 0.95,
  "top_k": 64
 },
 "req_num_predict": 8192,
 "req_num_ctx": 16384
}
--- bbox_contract_reasoning [cudafull1_gemma4_26b-a4b-it-q4_K_M_thinkon] ---
{
 "json_valid": true,
 "declared_type": "norm1000",
 "declared_order": "xyxy",
 "declared_ref": [
  1920,
  1080
 ],
 "field_name": "box_2d",
 "declaration_scope": "toplevel",
 "labels_found": 6,
 "labels_total": 6,
 "hits_declared": 6,
 "iou_declared": 0.966,
 "hits_bestfit": 6,
 "bestfit_dialect": "norm1000/xyxy",
 "implied_scale": 0.721,
 "iou_at_implied_scale": 0.072,
 "anchor_present": false,
 "anchor_implied_type": null,
 "anchor_implied_ref": null,
 "hits_anchor": 0,
 "iou_anchor": 0.0,
 "anchor_beats_declared": false,
 "self_check": null,
 "self_check_reason": null,
 "degenerate_boxes": 0,
 "degenerate_labels": [],
 "declaration_valid": true,
 "declaration_matches_boxes": true,
 "contract_followed": true,
 "prompt_sha": "b640462cc251241f",
 "images_sha": "7a5285fe1380ac49",
 "host": "http://10.8.0.6:11497",
 "server_version": "0.32.14-rc0-dynres-0-ga5d6590",
 "prompt_eval_count": 3679,
 "eval_count": 3142,
 "thinking_chars": 6398,
 "answer_chars": 556,
 "total_duration": 29028143610,
 "load_duration": 1513301953,
 "prompt_eval_duration": 4638965878,
 "eval_duration": 22357568584,
 "gen_tps": 140.53,
 "prefill_tps": 793.06,
 "num_ctx": 16384,
 "num_predict": 8192,
 "sampling_source": "card:gemma4+temp0",
 "sampling": {
  "temperature": 0.0,
  "top_p": 0.95,
  "top_k": 64
 },
 "req_num_predict": 8192,
 "req_num_ctx": 16384
}
--- bbox_contract_pinned [cudafull1_gemma4_26b-a4b-it-q4_K_M_thinkon] ---
{
 "json_valid": true,
 "declared_type": "norm1000",
 "declared_order": "xyxy",
 "declared_ref": null,
 "field_name": "box_2d",
 "declaration_scope": "toplevel",
 "labels_found": 6,
 "labels_total": 6,
 "hits_declared": 6,
 "iou_declared": 0.967,
 "hits_bestfit": 6,
 "bestfit_dialect": "norm1000/xyxy",
 "implied_scale": 0.722,
 "iou_at_implied_scale": 0.072,
 "anchor_present": false,
 "anchor_implied_type": null,
 "anchor_implied_ref": null,
 "hits_anchor": 0,
 "iou_anchor": 0.0,
 "anchor_beats_declared": false,
 "self_check": null,
 "self_check_reason": null,
 "degenerate_boxes": 0,
 "degenerate_labels": [],
 "declaration_valid": true,
 "declaration_matches_boxes": true,
 "contract_followed": true,
 "prompt_sha": "af5569e2468717dc",
 "images_sha": "7a5285fe1380ac49",
 "host": "http://10.8.0.6:11497",
 "server_version": "0.32.14-rc0-dynres-0-ga5d6590",
 "prompt_eval_count": 3541,
 "eval_count": 1733,
 "thinking_chars": 3002,
 "answer_chars": 377,
 "total_duration": 19693708561,
 "load_duration": 1549607474,
 "prompt_eval_duration": 5599535565,
 "eval_duration": 12032874611,
 "gen_tps": 144.02,
 "prefill_tps": 632.37,
 "num_ctx": 16384,
 "num_predict": 8192,
 "sampling_source": "card:gemma4+temp0",
 "sampling": {
  "temperature": 0.0,
  "top_p": 0.95,
  "top_k": 64
 },
 "req_num_predict": 8192,
 "req_num_ctx": 16384
}
--- bbox_contract_perobject [cudafull1_gemma4_26b-a4b-it-q4_K_M_thinkon] ---
{
 "json_valid": true,
 "declared_type": "norm1000",
 "declared_order": "xyxy",
 "declared_ref": null,
 "field_name": "box_2d",
 "declaration_scope": "perobject",
 "labels_found": 6,
 "labels_total": 6,
 "hits_declared": 6,
 "iou_declared": 0.968,
 "hits_bestfit": 6,
 "bestfit_dialect": "norm1000/xyxy",
 "implied_scale": 0.722,
 "iou_at_implied_scale": 0.072,
 "anchor_present": false,
 "anchor_implied_type": null,
 "anchor_implied_ref": null,
 "hits_anchor": 0,
 "iou_anchor": 0.0,
 "anchor_beats_declared": false,
 "self_check": null,
 "self_check_reason": null,
 "degenerate_boxes": 0,
 "degenerate_labels": [],
 "declaration_valid": true,
 "declaration_matches_boxes": true,
 "contract_followed": true,
 "prompt_sha": "fe86756127ae5d1a",
 "images_sha": "7a5285fe1380ac49",
 "host": "http://10.8.0.6:11497",
 "server_version": "0.32.14-rc0-dynres-0-ga5d6590",
 "prompt_eval_count": 3554,
 "eval_count": 1530,
 "thinking_chars": 2436,
 "answer_chars": 649,
 "total_duration": 16979715366,
 "load_duration": 1567131802,
 "prompt_eval_duration": 4453999743,
 "eval_duration": 10443152143,
 "gen_tps": 146.51,
 "prefill_tps": 797.93,
 "num_ctx": 16384,
 "num_predict": 8192,
 "sampling_source": "card:gemma4+temp0",
 "sampling": {
  "temperature": 0.0,
  "top_p": 0.95,
  "top_k": 64
 },
 "req_num_predict": 8192,
 "req_num_ctx": 16384
}
--- bbox_contract_anchored [cudafull1_gemma4_26b-a4b-it-q4_K_M_thinkon] ---
{
 "json_valid": true,
 "declared_type": "norm1000",
 "declared_order": "xyxy",
 "declared_ref": null,
 "field_name": null,
 "declaration_scope": "perobject",
 "labels_found": 6,
 "labels_total": 6,
 "hits_declared": 6,
 "iou_declared": 0.97,
 "hits_bestfit": 6,
 "bestfit_dialect": "norm1000/xyxy",
 "implied_scale": 0.722,
 "iou_at_implied_scale": 0.073,
 "anchor_present": true,
 "anchor_implied_type": "norm1000",
 "anchor_implied_ref": null,
 "hits_anchor": 6,
 "iou_anchor": 0.97,
 "anchor_beats_declared": false,
 "self_check": true,
 "self_check_reason": "ok",
 "degenerate_boxes": 0,
 "degenerate_labels": [],
 "declaration_valid": true,
 "declaration_matches_boxes": true,
 "contract_followed": true,
 "prompt_sha": "c1159cad9345b552",
 "images_sha": "7a5285fe1380ac49",
 "host": "http://10.8.0.6:11497",
 "server_version": "0.32.14-rc0-dynres-0-ga5d6590",
 "prompt_eval_count": 3657,
 "eval_count": 2277,
 "thinking_chars": 3670,
 "answer_chars": 678,
 "total_duration": 22616642722,
 "load_duration": 1602293320,
 "prompt_eval_duration": 4323821685,
 "eval_duration": 16215231519,
 "gen_tps": 140.42,
 "prefill_tps": 845.78,
 "num_ctx": 16384,
 "num_predict": 8192,
 "sampling_source": "card:gemma4+temp0",
 "sampling": {
  "temperature": 0.0,
  "top_p": 0.95,
  "top_k": 64
 },
 "req_num_predict": 8192,
 "req_num_ctx": 16384
}
--- bbox_contract_anchored_1img [cudafull1_gemma4_26b-a4b-it-q4_K_M_thinkon] ---
{
 "json_valid": true,
 "declared_type": "norm1000",
 "declared_order": "xyxy",
 "declared_ref": null,
 "field_name": null,
 "declaration_scope": "perobject",
 "labels_found": 6,
 "labels_total": 6,
 "hits_declared": 6,
 "iou_declared": 0.969,
 "hits_bestfit": 6,
 "bestfit_dialect": "norm1000/xyxy",
 "implied_scale": 0.721,
 "iou_at_implied_scale": 0.072,
 "anchor_present": true,
 "anchor_implied_type": "norm1000",
 "anchor_implied_ref": null,
 "hits_anchor": 6,
 "iou_anchor": 0.969,
 "anchor_beats_declared": false,
 "self_check": true,
 "self_check_reason": "ok",
 "degenerate_boxes": 0,
 "degenerate_labels": [],
 "declaration_valid": true,
 "declaration_matches_boxes": true,
 "contract_followed": true,
 "prompt_sha": "c1159cad9345b552",
 "images_sha": "3470bb0f3ebc74f2",
 "host": "http://10.8.0.6:11497",
 "server_version": "0.32.14-rc0-dynres-0-ga5d6590",
 "prompt_eval_count": 1500,
 "eval_count": 2225,
 "thinking_chars": 3481,
 "answer_chars": 678,
 "total_duration": 21186915551,
 "load_duration": 1421783266,
 "prompt_eval_duration": 4235678359,
 "eval_duration": 15292495275,
 "gen_tps": 145.5,
 "prefill_tps": 354.13,
 "num_ctx": 16384,
 "num_predict": 8192,
 "sampling_source": "card:gemma4+temp0",
 "sampling": {
  "temperature": 0.0,
  "top_p": 0.95,
  "top_k": 64
 },
 "req_num_predict": 8192,
 "req_num_ctx": 16384
}
--- bbox_contract_box2d_1img [cudafull1_gemma4_26b-a4b-it-q4_K_M_thinkon] ---
{
 "json_valid": true,
 "declared_type": "norm1000",
 "declared_order": "xyxy",
 "declared_ref": null,
 "field_name": "box_2d",
 "declaration_scope": "perobject",
 "labels_found": 6,
 "labels_total": 6,
 "hits_declared": 6,
 "iou_declared": 0.967,
 "hits_bestfit": 6,
 "bestfit_dialect": "norm1000/xyxy",
 "implied_scale": 0.722,
 "iou_at_implied_scale": 0.072,
 "anchor_present": true,
 "anchor_implied_type": "norm1000",
 "anchor_implied_ref": null,
 "hits_anchor": 6,
 "iou_anchor": 0.967,
 "anchor_beats_declared": false,
 "self_check": true,
 "self_check_reason": "ok",
 "degenerate_boxes": 0,
 "degenerate_labels": [],
 "declaration_valid": true,
 "declaration_matches_boxes": true,
 "contract_followed": true,
 "prompt_sha": "72f3c0c25fc6845d",
 "images_sha": "3470bb0f3ebc74f2",
 "host": "http://10.8.0.6:11497",
 "server_version": "0.32.14-rc0-dynres-0-ga5d6590",
 "prompt_eval_count": 1503,
 "eval_count": 3802,
 "thinking_chars": 6606,
 "answer_chars": 980,
 "total_duration": 31667954586,
 "load_duration": 1474013658,
 "prompt_eval_duration": 3884626744,
 "eval_duration": 26088216262,
 "gen_tps": 145.74,
 "prefill_tps": 386.91,
 "num_ctx": 16384,
 "num_predict": 8192,
 "sampling_source": "card:gemma4+temp0",
 "sampling": {
  "temperature": 0.0,
  "top_p": 0.95,
  "top_k": 64
 },
 "req_num_predict": 8192,
 "req_num_ctx": 16384
}
--- bbox_contract_positional_1img [cudafull1_gemma4_26b-a4b-it-q4_K_M_thinkon] ---
{
 "json_valid": false,
 "declared_type": null,
 "declared_order": null,
 "declared_ref": null,
 "field_name": null,
 "declaration_scope": null,
 "labels_found": 0,
 "labels_total": 6,
 "hits_declared": 0,
 "iou_declared": 0.0,
 "hits_bestfit": 0,
 "bestfit_dialect": null,
 "implied_scale": null,
 "iou_at_implied_scale": null,
 "anchor_present": false,
 "anchor_implied_type": null,
 "anchor_implied_ref": null,
 "hits_anchor": 0,
 "iou_anchor": 0.0,
 "anchor_beats_declared": false,
 "self_check": null,
 "self_check_reason": null,
 "degenerate_boxes": 0,
 "degenerate_labels": [],
 "declaration_valid": false,
 "declaration_matches_boxes": false,
 "contract_followed": false,
 "prompt_sha": "81359502f059f454",
 "images_sha": "3470bb0f3ebc74f2",
 "host": "http://10.8.0.6:11497",
 "server_version": "0.32.14-rc0-dynres-0-ga5d6590",
 "prompt_eval_count": 1523,
 "eval_count": 8192,
 "thinking_chars": 13151,
 "answer_chars": 0,
 "total_duration": 59570895124,
 "load_duration": 1386762146,
 "prompt_eval_duration": 1230581000,
 "eval_duration": 55062596000,
 "gen_tps": 148.78,
 "prefill_tps": 1237.63,
 "num_ctx": 16384,
 "num_predict": 8192,
 "sampling_source": "card:gemma4+temp0",
 "sampling": {
  "temperature": 0.0,
  "top_p": 0.95,
  "top_k": 64
 },
 "req_num_predict": 8192,
 "req_num_ctx": 16384
}
--- bbox_contract_real_1img [cudafull1_gemma4_26b-a4b-it-q4_K_M_thinkon] ---
{
 "json_valid": true,
 "declared_type": "real",
 "declared_order": "xyxy",
 "declared_ref": [
  1920,
  1080
 ],
 "field_name": null,
 "declaration_scope": "perobject",
 "labels_found": 6,
 "labels_total": 6,
 "hits_declared": 6,
 "iou_declared": 0.721,
 "hits_bestfit": 6,
 "bestfit_dialect": "real/xyxy",
 "implied_scale": 0.961,
 "iou_at_implied_scale": 0.725,
 "anchor_present": true,
 "anchor_implied_type": "real",
 "anchor_implied_ref": [
  1920,
  1080
 ],
 "hits_anchor": 6,
 "iou_anchor": 0.721,
 "anchor_beats_declared": false,
 "self_check": true,
 "self_check_reason": "ok",
 "degenerate_boxes": 0,
 "degenerate_labels": [],
 "declaration_valid": true,
 "declaration_matches_boxes": true,
 "contract_followed": true,
 "prompt_sha": "c69c59040c15ea65",
 "images_sha": "3470bb0f3ebc74f2",
 "host": "http://10.8.0.6:11497",
 "server_version": "0.32.14-rc0-dynres-0-ga5d6590",
 "prompt_eval_count": 1460,
 "eval_count": 2778,
 "thinking_chars": 4503,
 "answer_chars": 1342,
 "total_duration": 24415528484,
 "load_duration": 1296568680,
 "prompt_eval_duration": 3451822236,
 "eval_duration": 19428719556,
 "gen_tps": 142.98,
 "prefill_tps": 422.97,
 "num_ctx": 16384,
 "num_predict": 8192,
 "sampling_source": "card:gemma4+temp0",
 "sampling": {
  "temperature": 0.0,
  "top_p": 0.95,
  "top_k": 64
 },
 "req_num_predict": 8192,
 "req_num_ctx": 16384
}
--- bbox_contract_adv_real [cudafull1_gemma4_26b-a4b-it-q4_K_M_thinkon] ---
{
 "json_valid": true,
 "declared_type": "real",
 "declared_order": "xyxy",
 "declared_ref": [
  1920,
  1080
 ],
 "field_name": null,
 "declaration_scope": "perobject",
 "labels_found": 6,
 "labels_total": 6,
 "hits_declared": 1,
 "iou_declared": 0.043,
 "hits_bestfit": 6,
 "bestfit_dialect": "norm1000/xyxy",
 "implied_scale": 0.722,
 "iou_at_implied_scale": 0.072,
 "anchor_present": true,
 "anchor_implied_type": "real",
 "anchor_implied_ref": [
  1920,
  1080
 ],
 "hits_anchor": 1,
 "iou_anchor": 0.043,
 "anchor_beats_declared": false,
 "self_check": false,
 "self_check_reason": "aspect: anchor 1.78 vs object extent 1.10",
 "degenerate_boxes": 0,
 "degenerate_labels": [],
 "declaration_valid": true,
 "declaration_matches_boxes": false,
 "contract_followed": false,
 "prompt_sha": "316cf35bd24dd403",
 "images_sha": "7a5285fe1380ac49",
 "host": "http://10.8.0.6:11497",
 "server_version": "0.32.14-rc0-dynres-0-ga5d6590",
 "prompt_eval_count": 3552,
 "eval_count": 3160,
 "thinking_chars": 5944,
 "answer_chars": 796,
 "total_duration": 30348610292,
 "load_duration": 1587329328,
 "prompt_eval_duration": 6132000369,
 "eval_duration": 22134840920,
 "gen_tps": 142.76,
 "prefill_tps": 579.26,
 "num_ctx": 16384,
 "num_predict": 8192,
 "sampling_source": "card:gemma4+temp0",
 "sampling": {
  "temperature": 0.0,
  "top_p": 0.95,
  "top_k": 64
 },
 "req_num_predict": 8192,
 "req_num_ctx": 16384
}
--- bbox_contract_adv_norm1 [cudafull1_gemma4_26b-a4b-it-q4_K_M_thinkon] ---
{
 "json_valid": true,
 "declared_type": "norm1",
 "declared_order": "xyxy",
 "declared_ref": null,
 "field_name": null,
 "declaration_scope": "perobject",
 "labels_found": 6,
 "labels_total": 6,
 "hits_declared": 6,
 "iou_declared": 0.965,
 "hits_bestfit": 6,
 "bestfit_dialect": "norm1/xyxy",
 "implied_scale": 0.001,
 "iou_at_implied_scale": 0.072,
 "anchor_present": true,
 "anchor_implied_type": "norm1",
 "anchor_implied_ref": null,
 "hits_anchor": 6,
 "iou_anchor": 0.965,
 "anchor_beats_declared": false,
 "self_check": true,
 "self_check_reason": "ok",
 "degenerate_boxes": 0,
 "degenerate_labels": [],
 "declaration_valid": true,
 "declaration_matches_boxes": true,
 "contract_followed": true,
 "prompt_sha": "5868e908d1e35b59",
 "images_sha": "7a5285fe1380ac49",
 "host": "http://10.8.0.6:11497",
 "server_version": "0.32.14-rc0-dynres-0-ga5d6590",
 "prompt_eval_count": 3534,
 "eval_count": 2816,
 "thinking_chars": 4533,
 "answer_chars": 753,
 "total_duration": 27817128583,
 "load_duration": 1486821225,
 "prompt_eval_duration": 6031744153,
 "eval_duration": 19836925569,
 "gen_tps": 141.96,
 "prefill_tps": 585.9,
 "num_ctx": 16384,
 "num_predict": 8192,
 "sampling_source": "card:gemma4+temp0",
 "sampling": {
  "temperature": 0.0,
  "top_p": 0.95,
  "top_k": 64
 },
 "req_num_predict": 8192,
 "req_num_ctx": 16384
}
--- finetext [cudafull1_gemma4_26b-a4b-it-q4_K_M_thinkon] ---
{
 "json_valid": true,
 "recall_22px": 4,
 "recall_16px": 4,
 "recall_12px": 4,
 "recall_9px": 4,
 "recall_7px": 3,
 "total_found": 20,
 "prompt_sha": "2609dc6cba954ae7",
 "images_sha": "a1d6d5519519ecb4",
 "host": "http://10.8.0.6:11497",
 "server_version": "0.32.14-rc0-dynres-0-ga5d6590",
 "prompt_eval_count": 1176,
 "eval_count": 2154,
 "thinking_chars": 3240,
 "answer_chars": 351,
 "total_duration": 20470722627,
 "load_duration": 1643396223,
 "prompt_eval_duration": 3954087738,
 "eval_duration": 14654374722,
 "gen_tps": 146.99,
 "prefill_tps": 297.41,
 "num_ctx": 16384,
 "num_predict": 8192,
 "sampling_source": "card:gemma4+temp0",
 "sampling": {
  "temperature": 0.0,
  "top_p": 0.95,
  "top_k": 64
 },
 "req_num_predict": 8192,
 "req_num_ctx": 16384
}
SUITE DONE cudafull1_gemma4_26b-a4b-it-q4_K_M_thinkon
--- finetext [cudafull1_gemma4_26b-a4b-it-q4_K_M_thinkon] ---
{
 "tag": "cudafull1_gemma4_26b-a4b-it-q4_K_M_thinkon",
 "json_valid": true,
 "recall_22px": 4,
 "recall_16px": 4,
 "recall_12px": 4,
 "recall_9px": 3,
 "recall_7px": 3,
 "total_found": 20,
 "host": "http://10.8.0.6:11497",
 "server_version": "0.32.14-rc0-dynres-0-ga5d6590",
 "prompt_eval_count": 1176,
 "eval_count": 4273,
 "thinking_chars": 6635,
 "answer_chars": 351,
 "num_ctx": 16384,
 "num_predict": 8192,
 "sampling_source": "card:gemma4+temp0",
 "sampling": {
  "temperature": 0.0,
  "top_p": 0.95,
  "top_k": 64
 }
}
##### CAPPED gemma4:26b-a4b-it-q4_K_M think=on at num_ctx=16384 (bboxm_free_noanc_named scene_single bbox_contract_positional_1img) -> escalating to 32768
##### MODEL gemma4:26b-a4b-it-q4_K_M think=on tag=cudafull1_gemma4_26b-a4b-it-q4_K_M_thinkon num_predict=24576 num_ctx=32768 10:55:14 powermode=2
evicted ['gemma4:26b-a4b-it-q4_K_M']
unload gemma4:26b-a4b-it-q4_K_M: ok
##### SKIP 24 already-scored arm(s): bboxm_pin_anc_named, bboxm_pin_anc_pos, bboxm_pin_noanc_named, bboxm_pin_noanc_pos, bboxm_free_anc_named, bboxm_free_anc_pos, bboxm_free_noanc_pos, scene_single_pinned, scene_single_anchored, document_single, multi_3img, multi_3img_anchored, bbox_contract, bbox_contract_multi, bbox_contract_reasoning, bbox_contract_pinned, bbox_contract_perobject, bbox_contract_anchored, bbox_contract_anchored_1img, bbox_contract_box2d_1img, bbox_contract_real_1img, bbox_contract_adv_real, bbox_contract_adv_norm1, finetext
##### RE-RUN 3 capped arm(s) — unfinished, ADR 0012 conv 9: bboxm_free_noanc_named, scene_single, bbox_contract_positional_1img
--- bboxm_free_noanc_named [cudafull1_gemma4_26b-a4b-it-q4_K_M_thinkon] ---
{
 "json_valid": false,
 "declared_type": null,
 "declared_order": null,
 "declared_ref": null,
 "field_name": null,
 "declaration_scope": null,
 "labels_found": 0,
 "labels_total": 6,
 "hits_declared": 0,
 "iou_declared": 0.0,
 "hits_bestfit": 0,
 "bestfit_dialect": null,
 "implied_scale": null,
 "iou_at_implied_scale": null,
 "anchor_present": false,
 "anchor_implied_type": null,
 "anchor_implied_ref": null,
 "hits_anchor": 0,
 "iou_anchor": 0.0,
 "anchor_beats_declared": false,
 "self_check": null,
 "self_check_reason": null,
 "degenerate_boxes": 0,
 "degenerate_labels": [],
 "declaration_valid": false,
 "declaration_matches_boxes": false,
 "contract_followed": false,
 "prompt_sha": "490054d91d4cb68a",
 "images_sha": "3470bb0f3ebc74f2",
 "prompt_parts": {
  "convention": "7d2f0795092f0fd8",
  "coords": "eb79a53b4f9241ee",
  "anchor": "e3b0c44298fc1c14",
  "schema": "83d3dd88f713cb86",
  "dialect": "a683c5c5349f6f7f"
 },
 "offered_key": null,
 "host": "http://10.8.0.6:11497",
 "server_version": "0.32.14-rc0-dynres-0-ga5d6590",
 "prompt_eval_count": 1396,
 "eval_count": 24576,
 "thinking_chars": 37214,
 "answer_chars": 0,
 "total_duration": 182055391035,
 "load_duration": 15660013197,
 "prompt_eval_duration": 1830015000,
 "eval_duration": 164148321000,
 "gen_tps": 149.72,
 "prefill_tps": 762.84,
 "num_ctx": 32768,
 "num_predict": 24576,
 "sampling_source": "card:gemma4+temp0",
 "sampling": {
  "temperature": 0.0,
  "top_p": 0.95,
  "top_k": 64
 },
 "req_num_predict": 24576,
 "req_num_ctx": 32768
}
--- scene_single [cudafull1_gemma4_26b-a4b-it-q4_K_M_thinkon] ---
{
 "json_valid": false,
 "labels_found": 0,
 "labels_total": 6,
 "bbox_hits": 0,
 "bbox_mean_iou": 0.0,
 "bbox_space": null,
 "colors_right": 0,
 "serial_found": false,
 "object_count": null,
 "prompt_sha": "106788e425df1b45",
 "images_sha": "3470bb0f3ebc74f2",
 "host": "http://10.8.0.6:11497",
 "server_version": "0.32.14-rc0-dynres-0-ga5d6590",
 "prompt_eval_count": 1687,
 "eval_count": 24576,
 "thinking_chars": 49081,
 "answer_chars": 0,
 "total_duration": 163673922701,
 "load_duration": 1341766731,
 "prompt_eval_duration": 1364858000,
 "eval_duration": 159367231000,
 "gen_tps": 154.21,
 "prefill_tps": 1236.03,
 "num_ctx": 32768,
 "num_predict": 24576,
 "sampling_source": "card:gemma4+temp0",
 "sampling": {
  "temperature": 0.0,
  "top_p": 0.95,
  "top_k": 64
 },
 "req_num_predict": 24576,
 "req_num_ctx": 32768
}
--- bbox_contract_positional_1img [cudafull1_gemma4_26b-a4b-it-q4_K_M_thinkon] ---
{
 "json_valid": false,
 "declared_type": null,
 "declared_order": null,
 "declared_ref": null,
 "field_name": null,
 "declaration_scope": null,
 "labels_found": 0,
 "labels_total": 6,
 "hits_declared": 0,
 "iou_declared": 0.0,
 "hits_bestfit": 0,
 "bestfit_dialect": null,
 "implied_scale": null,
 "iou_at_implied_scale": null,
 "anchor_present": false,
 "anchor_implied_type": null,
 "anchor_implied_ref": null,
 "hits_anchor": 0,
 "iou_anchor": 0.0,
 "anchor_beats_declared": false,
 "self_check": null,
 "self_check_reason": null,
 "degenerate_boxes": 0,
 "degenerate_labels": [],
 "declaration_valid": false,
 "declaration_matches_boxes": false,
 "contract_followed": false,
 "prompt_sha": "81359502f059f454",
 "images_sha": "3470bb0f3ebc74f2",
 "host": "http://10.8.0.6:11497",
 "server_version": "0.32.14-rc0-dynres-0-ga5d6590",
 "prompt_eval_count": 1523,
 "eval_count": 24576,
 "thinking_chars": 37865,
 "answer_chars": 0,
 "total_duration": 158005758829,
 "load_duration": 1342364458,
 "prompt_eval_duration": 1289707000,
 "eval_duration": 153785169000,
 "gen_tps": 159.81,
 "prefill_tps": 1180.89,
 "num_ctx": 32768,
 "num_predict": 24576,
 "sampling_source": "card:gemma4+temp0",
 "sampling": {
  "temperature": 0.0,
  "top_p": 0.95,
  "top_k": 64
 },
 "req_num_predict": 24576,
 "req_num_ctx": 32768
}
SUITE DONE cudafull1_gemma4_26b-a4b-it-q4_K_M_thinkon
--- finetext [cudafull1_gemma4_26b-a4b-it-q4_K_M_thinkon] ---
{
 "tag": "cudafull1_gemma4_26b-a4b-it-q4_K_M_thinkon",
 "json_valid": true,
 "recall_22px": 4,
 "recall_16px": 4,
 "recall_12px": 4,
 "recall_9px": 4,
 "recall_7px": 3,
 "total_found": 20,
 "host": "http://10.8.0.6:11497",
 "server_version": "0.32.14-rc0-dynres-0-ga5d6590",
 "prompt_eval_count": 1176,
 "eval_count": 2154,
 "thinking_chars": 3240,
 "answer_chars": 351,
 "num_ctx": 32768,
 "num_predict": 24576,
 "sampling_source": "card:gemma4+temp0",
 "sampling": {
  "temperature": 0.0,
  "top_p": 0.95,
  "top_k": 64
 }
}
##### CAPPED gemma4:26b-a4b-it-q4_K_M think=on at num_ctx=32768 (bboxm_free_noanc_named scene_single bbox_contract_positional_1img) -> escalating to 65536
##### MODEL gemma4:26b-a4b-it-q4_K_M think=on tag=cudafull1_gemma4_26b-a4b-it-q4_K_M_thinkon num_predict=57344 num_ctx=65536 11:04:04 powermode=2
evicted ['gemma4:26b-a4b-it-q4_K_M']
unload gemma4:26b-a4b-it-q4_K_M: ok
##### SKIP 24 already-scored arm(s): bboxm_pin_anc_named, bboxm_pin_anc_pos, bboxm_pin_noanc_named, bboxm_pin_noanc_pos, bboxm_free_anc_named, bboxm_free_anc_pos, bboxm_free_noanc_pos, scene_single_pinned, scene_single_anchored, document_single, multi_3img, multi_3img_anchored, bbox_contract, bbox_contract_multi, bbox_contract_reasoning, bbox_contract_pinned, bbox_contract_perobject, bbox_contract_anchored, bbox_contract_anchored_1img, bbox_contract_box2d_1img, bbox_contract_real_1img, bbox_contract_adv_real, bbox_contract_adv_norm1, finetext
##### RE-RUN 3 capped arm(s) — unfinished, ADR 0012 conv 9: bboxm_free_noanc_named, scene_single, bbox_contract_positional_1img
--- bboxm_free_noanc_named [cudafull1_gemma4_26b-a4b-it-q4_K_M_thinkon] ---
{
 "json_valid": true,
 "declared_type": "norm1000",
 "declared_order": "xyxy",
 "declared_ref": [
  1920,
  1080
 ],
 "field_name": null,
 "declaration_scope": "perobject",
 "labels_found": 6,
 "labels_total": 6,
 "hits_declared": 6,
 "iou_declared": 0.973,
 "hits_bestfit": 6,
 "bestfit_dialect": "norm1000/xyxy",
 "implied_scale": 0.722,
 "iou_at_implied_scale": 0.073,
 "anchor_present": false,
 "anchor_implied_type": null,
 "anchor_implied_ref": null,
 "hits_anchor": 0,
 "iou_anchor": 0.0,
 "anchor_beats_declared": false,
 "self_check": null,
 "self_check_reason": null,
 "degenerate_boxes": 0,
 "degenerate_labels": [],
 "declaration_valid": true,
 "declaration_matches_boxes": true,
 "contract_followed": true,
 "prompt_sha": "490054d91d4cb68a",
 "images_sha": "3470bb0f3ebc74f2",
 "prompt_parts": {
  "convention": "7d2f0795092f0fd8",
  "coords": "eb79a53b4f9241ee",
  "anchor": "e3b0c44298fc1c14",
  "schema": "83d3dd88f713cb86",
  "dialect": "a683c5c5349f6f7f"
 },
 "offered_key": null,
 "host": "http://10.8.0.6:11497",
 "server_version": "0.32.14-rc0-dynres-0-ga5d6590",
 "prompt_eval_count": 1396,
 "eval_count": 2072,
 "thinking_chars": 3388,
 "answer_chars": 1027,
 "total_duration": 35400268257,
 "load_duration": 17112819599,
 "prompt_eval_duration": 3446136022,
 "eval_duration": 14623549107,
 "gen_tps": 141.69,
 "prefill_tps": 405.09,
 "num_ctx": 65536,
 "num_predict": 57344,
 "sampling_source": "card:gemma4+temp0",
 "sampling": {
  "temperature": 0.0,
  "top_p": 0.95,
  "top_k": 64
 },
 "req_num_predict": 57344,
 "req_num_ctx": 65536
}
--- scene_single [cudafull1_gemma4_26b-a4b-it-q4_K_M_thinkon] ---
{
 "json_valid": true,
 "labels_found": 6,
 "labels_total": 6,
 "bbox_hits": 0,
 "bbox_mean_iou": 0.334,
 "bbox_space": "norm1000/xyxy",
 "colors_right": 6,
 "serial_found": true,
 "object_count": 6,
 "prompt_sha": "106788e425df1b45",
 "images_sha": "3470bb0f3ebc74f2",
 "host": "http://10.8.0.6:11497",
 "server_version": "0.32.14-rc0-dynres-0-ga5d6590",
 "prompt_eval_count": 1687,
 "eval_count": 7576,
 "thinking_chars": 16080,
 "answer_chars": 951,
 "total_duration": 59944760811,
 "load_duration": 1517769145,
 "prompt_eval_duration": 4044815762,
 "eval_duration": 54098229227,
 "gen_tps": 140.04,
 "prefill_tps": 417.08,
 "num_ctx": 65536,
 "num_predict": 57344,
 "sampling_source": "card:gemma4+temp0",
 "sampling": {
  "temperature": 0.0,
  "top_p": 0.95,
  "top_k": 64
 },
 "req_num_predict": 57344,
 "req_num_ctx": 65536
}
--- bbox_contract_positional_1img [cudafull1_gemma4_26b-a4b-it-q4_K_M_thinkon] ---
{
 "json_valid": true,
 "declared_type": "norm1000",
 "declared_order": "xyxy",
 "declared_ref": null,
 "field_name": "box_2d",
 "declaration_scope": "perobject",
 "labels_found": 6,
 "labels_total": 6,
 "hits_declared": 6,
 "iou_declared": 0.972,
 "hits_bestfit": 6,
 "bestfit_dialect": "norm1000/xyxy",
 "implied_scale": 0.722,
 "iou_at_implied_scale": 0.072,
 "anchor_present": true,
 "anchor_implied_type": "norm1000",
 "anchor_implied_ref": null,
 "hits_anchor": 6,
 "iou_anchor": 0.972,
 "anchor_beats_declared": false,
 "self_check": true,
 "self_check_reason": "ok",
 "degenerate_boxes": 0,
 "degenerate_labels": [],
 "declaration_valid": true,
 "declaration_matches_boxes": true,
 "contract_followed": true,
 "prompt_sha": "81359502f059f454",
 "images_sha": "3470bb0f3ebc74f2",
 "host": "http://10.8.0.6:11497",
 "server_version": "0.32.14-rc0-dynres-0-ga5d6590",
 "prompt_eval_count": 1523,
 "eval_count": 3607,
 "thinking_chars": 6129,
 "answer_chars": 896,
 "total_duration": 29444891734,
 "load_duration": 1443445370,
 "prompt_eval_duration": 4275202563,
 "eval_duration": 23500425042,
 "gen_tps": 153.49,
 "prefill_tps": 356.24,
 "num_ctx": 65536,
 "num_predict": 57344,
 "sampling_source": "card:gemma4+temp0",
 "sampling": {
  "temperature": 0.0,
  "top_p": 0.95,
  "top_k": 64
 },
 "req_num_predict": 57344,
 "req_num_ctx": 65536
}
SUITE DONE cudafull1_gemma4_26b-a4b-it-q4_K_M_thinkon
--- finetext [cudafull1_gemma4_26b-a4b-it-q4_K_M_thinkon] ---
{
 "tag": "cudafull1_gemma4_26b-a4b-it-q4_K_M_thinkon",
 "json_valid": true,
 "recall_22px": 4,
 "recall_16px": 4,
 "recall_12px": 4,
 "recall_9px": 3,
 "recall_7px": 3,
 "total_found": 20,
 "host": "http://10.8.0.6:11497",
 "server_version": "0.32.14-rc0-dynres-0-ga5d6590",
 "prompt_eval_count": 1176,
 "eval_count": 2274,
 "thinking_chars": 3311,
 "answer_chars": 351,
 "num_ctx": 65536,
 "num_predict": 57344,
 "sampling_source": "card:gemma4+temp0",
 "sampling": {
  "temperature": 0.0,
  "top_p": 0.95,
  "top_k": 64
 }
}
##### DONE gemma4:26b-a4b-it-q4_K_M think=on rep=1 11:06:36
##### MODEL gemma4:31b-it-q4_K_M think=false tag=cudafull1_gemma4_31b-it-q4_K_M_thinkfalse num_predict=2200 num_ctx=16384 11:06:36 powermode=2
evicted ['gemma4:26b-a4b-it-q4_K_M']
unload gemma4:31b-it-q4_K_M: ok
--- bboxm_pin_anc_named [cudafull1_gemma4_31b-it-q4_K_M_thinkfalse] ---
{
 "json_valid": true,
 "declared_type": "norm1000",
 "declared_order": "xyxy",
 "declared_ref": null,
 "field_name": null,
 "declaration_scope": "perobject",
 "labels_found": 6,
 "labels_total": 6,
 "hits_declared": 6,
 "iou_declared": 0.956,
 "hits_bestfit": 6,
 "bestfit_dialect": "norm1000/xyxy",
 "implied_scale": 0.72,
 "iou_at_implied_scale": 0.077,
 "anchor_present": true,
 "anchor_implied_type": "norm1000",
 "anchor_implied_ref": null,
 "hits_anchor": 6,
 "iou_anchor": 0.956,
 "anchor_beats_declared": false,
 "self_check": true,
 "self_check_reason": "ok",
 "degenerate_boxes": 0,
 "degenerate_labels": [],
 "declaration_valid": true,
 "declaration_matches_boxes": true,
 "contract_followed": true,
 "prompt_sha": "9046c68c8cb2f152",
 "images_sha": "3470bb0f3ebc74f2",
 "prompt_parts": {
  "convention": "8a2ee7bf80445f0a",
  "coords": "eb79a53b4f9241ee",
  "anchor": "d0fca938258091fa",
  "schema": "767bd3d7d37cc96f",
  "dialect": "a683c5c5349f6f7f"
 },
 "offered_key": null,
 "host": "http://10.8.0.6:11497",
 "server_version": "0.32.14-rc0-dynres-0-ga5d6590",
 "prompt_eval_count": 1462,
 "eval_count": 387,
 "thinking_chars": 0,
 "answer_chars": 642,
 "total_duration": 26909766305,
 "load_duration": 17318963560,
 "prompt_eval_duration": 2560700000,
 "eval_duration": 6846256000,
 "gen_tps": 56.53,
 "prefill_tps": 570.94,
 "num_ctx": 16384,
 "num_predict": 2200,
 "sampling_source": "greedy-think-off",
 "sampling": {
  "temperature": 0
 },
 "req_num_predict": 2200,
 "req_num_ctx": 16384
}
--- bboxm_pin_anc_pos [cudafull1_gemma4_31b-it-q4_K_M_thinkfalse] ---
{
 "json_valid": true,
 "declared_type": "norm1000",
 "declared_order": "xyxy",
 "declared_ref": null,
 "field_name": "box_2d",
 "declaration_scope": "perobject",
 "labels_found": 6,
 "labels_total": 6,
 "hits_declared": 6,
 "iou_declared": 0.845,
 "hits_bestfit": 6,
 "bestfit_dialect": "norm1000/xyxy",
 "implied_scale": 0.718,
 "iou_at_implied_scale": 0.1,
 "anchor_present": true,
 "anchor_implied_type": "norm1000",
 "anchor_implied_ref": null,
 "hits_anchor": 6,
 "iou_anchor": 0.845,
 "anchor_beats_declared": false,
 "self_check": true,
 "self_check_reason": "ok",
 "degenerate_boxes": 0,
 "degenerate_labels": [],
 "declaration_valid": true,
 "declaration_matches_boxes": true,
 "contract_followed": true,
 "prompt_sha": "4e8b7db664da7165",
 "images_sha": "3470bb0f3ebc74f2",
 "prompt_parts": {
  "convention": "8a2ee7bf80445f0a",
  "coords": "d9ad3bbd292d11c7",
  "anchor": "d0fca938258091fa",
  "schema": "eff01b8145940261",
  "dialect": "bb99d88078941279"
 },
 "offered_key": "box_2d",
 "host": "http://10.8.0.6:11497",
 "server_version": "0.32.14-rc0-dynres-0-ga5d6590",
 "prompt_eval_count": 1513,
 "eval_count": 381,
 "thinking_chars": 0,
 "answer_chars": 719,
 "total_duration": 10700192565,
 "load_duration": 1367790714,
 "prompt_eval_duration": 2371306000,
 "eval_duration": 6779431000,
 "gen_tps": 56.2,
 "prefill_tps": 638.05,
 "num_ctx": 16384,
 "num_predict": 2200,
 "sampling_source": "greedy-think-off",
 "sampling": {
  "temperature": 0
 },
 "req_num_predict": 2200,
 "req_num_ctx": 16384
}
--- bboxm_pin_noanc_named [cudafull1_gemma4_31b-it-q4_K_M_thinkfalse] ---
{
 "json_valid": true,
 "declared_type": "norm1000",
 "declared_order": "xyxy",
 "declared_ref": null,
 "field_name": null,
 "declaration_scope": "perobject",
 "labels_found": 6,
 "labels_total": 6,
 "hits_declared": 6,
 "iou_declared": 0.96,
 "hits_bestfit": 6,
 "bestfit_dialect": "norm1000/xyxy",
 "implied_scale": 0.72,
 "iou_at_implied_scale": 0.077,
 "anchor_present": false,
 "anchor_implied_type": null,
 "anchor_implied_ref": null,
 "hits_anchor": 0,
 "iou_anchor": 0.0,
 "anchor_beats_declared": false,
 "self_check": null,
 "self_check_reason": null,
 "degenerate_boxes": 0,
 "degenerate_labels": [],
 "declaration_valid": true,
 "declaration_matches_boxes": true,
 "contract_followed": true,
 "prompt_sha": "45f32d2935196d5d",
 "images_sha": "3470bb0f3ebc74f2",
 "prompt_parts": {
  "convention": "8a2ee7bf80445f0a",
  "coords": "eb79a53b4f9241ee",
  "anchor": "e3b0c44298fc1c14",
  "schema": "83d3dd88f713cb86",
  "dialect": "a683c5c5349f6f7f"
 },
 "offered_key": null,
 "host": "http://10.8.0.6:11497",
 "server_version": "0.32.14-rc0-dynres-0-ga5d6590",
 "prompt_eval_count": 1378,
 "eval_count": 334,
 "thinking_chars": 0,
 "answer_chars": 551,
 "total_duration": 9504945453,
 "load_duration": 1310726416,
 "prompt_eval_duration": 2145495000,
 "eval_duration": 5863940000,
 "gen_tps": 56.96,
 "prefill_tps": 642.28,
 "num_ctx": 16384,
 "num_predict": 2200,
 "sampling_source": "greedy-think-off",
 "sampling": {
  "temperature": 0
 },
 "req_num_predict": 2200,
 "req_num_ctx": 16384
}
--- bboxm_pin_noanc_pos [cudafull1_gemma4_31b-it-q4_K_M_thinkfalse] ---
{
 "json_valid": true,
 "declared_type": "norm1000",
 "declared_order": "xyxy",
 "declared_ref": null,
 "field_name": "box_2d",
 "declaration_scope": "perobject",
 "labels_found": 6,
 "labels_total": 6,
 "hits_declared": 6,
 "iou_declared": 0.851,
 "hits_bestfit": 6,
 "bestfit_dialect": "norm1000/xyxy",
 "implied_scale": 0.719,
 "iou_at_implied_scale": 0.1,
 "anchor_present": false,
 "anchor_implied_type": null,
 "anchor_implied_ref": null,
 "hits_anchor": 0,
 "iou_anchor": 0.0,
 "anchor_beats_declared": false,
 "self_check": null,
 "self_check_reason": null,
 "degenerate_boxes": 0,
 "degenerate_labels": [],
 "declaration_valid": true,
 "declaration_matches_boxes": true,
 "contract_followed": true,
 "prompt_sha": "897576958243aa9f",
 "images_sha": "3470bb0f3ebc74f2",
 "prompt_parts": {
  "convention": "8a2ee7bf80445f0a",
  "coords": "d9ad3bbd292d11c7",
  "anchor": "e3b0c44298fc1c14",
  "schema": "3f17d19c7b051c2b",
  "dialect": "bb99d88078941279"
 },
 "offered_key": "box_2d",
 "host": "http://10.8.0.6:11497",
 "server_version": "0.32.14-rc0-dynres-0-ga5d6590",
 "prompt_eval_count": 1424,
 "eval_count": 329,
 "thinking_chars": 0,
 "answer_chars": 617,
 "total_duration": 9484628497,
 "load_duration": 1259720124,
 "prompt_eval_duration": 2275576000,
 "eval_duration": 5765809000,
 "gen_tps": 57.06,
 "prefill_tps": 625.78,
 "num_ctx": 16384,
 "num_predict": 2200,
 "sampling_source": "greedy-think-off",
 "sampling": {
  "temperature": 0
 },
 "req_num_predict": 2200,
 "req_num_ctx": 16384
}
--- bboxm_free_anc_named [cudafull1_gemma4_31b-it-q4_K_M_thinkfalse] ---
{
 "json_valid": true,
 "declared_type": "norm1000",
 "declared_order": "xyxy",
 "declared_ref": null,
 "field_name": null,
 "declaration_scope": "perobject",
 "labels_found": 6,
 "labels_total": 6,
 "hits_declared": 6,
 "iou_declared": 0.957,
 "hits_bestfit": 6,
 "bestfit_dialect": "norm1000/xyxy",
 "implied_scale": 0.72,
 "iou_at_implied_scale": 0.077,
 "anchor_present": true,
 "anchor_implied_type": "norm1000",
 "anchor_implied_ref": null,
 "hits_anchor": 6,
 "iou_anchor": 0.957,
 "anchor_beats_declared": false,
 "self_check": true,
 "self_check_reason": "ok",
 "degenerate_boxes": 0,
 "degenerate_labels": [],
 "declaration_valid": true,
 "declaration_matches_boxes": true,
 "contract_followed": true,
 "prompt_sha": "411e67aea82fa1c4",
 "images_sha": "3470bb0f3ebc74f2",
 "prompt_parts": {
  "convention": "7d2f0795092f0fd8",
  "coords": "eb79a53b4f9241ee",
  "anchor": "d0fca938258091fa",
  "schema": "93d3e11298fd3fd2",
  "dialect": "a683c5c5349f6f7f"
 },
 "offered_key": null,
 "host": "http://10.8.0.6:11497",
 "server_version": "0.32.14-rc0-dynres-0-ga5d6590",
 "prompt_eval_count": 1484,
 "eval_count": 387,
 "thinking_chars": 0,
 "answer_chars": 642,
 "total_duration": 10624574424,
 "load_duration": 1290309919,
 "prompt_eval_duration": 2388272000,
 "eval_duration": 6760997000,
 "gen_tps": 57.24,
 "prefill_tps": 621.37,
 "num_ctx": 16384,
 "num_predict": 2200,
 "sampling_source": "greedy-think-off",
 "sampling": {
  "temperature": 0
 },
 "req_num_predict": 2200,
 "req_num_ctx": 16384
}
--- bboxm_free_anc_pos [cudafull1_gemma4_31b-it-q4_K_M_thinkfalse] ---
{
 "json_valid": true,
 "declared_type": "norm1000",
 "declared_order": "xyxy",
 "declared_ref": null,
 "field_name": "box_2d",
 "declaration_scope": "perobject",
 "labels_found": 6,
 "labels_total": 6,
 "hits_declared": 6,
 "iou_declared": 0.848,
 "hits_bestfit": 6,
 "bestfit_dialect": "norm1000/xyxy",
 "implied_scale": 0.719,
 "iou_at_implied_scale": 0.099,
 "anchor_present": true,
 "anchor_implied_type": "norm1000",
 "anchor_implied_ref": null,
 "hits_anchor": 6,
 "iou_anchor": 0.848,
 "anchor_beats_declared": false,
 "self_check": true,
 "self_check_reason": "ok",
 "degenerate_boxes": 0,
 "degenerate_labels": [],
 "declaration_valid": true,
 "declaration_matches_boxes": true,
 "contract_followed": true,
 "prompt_sha": "e1af6b71ec56afcc",
 "images_sha": "3470bb0f3ebc74f2",
 "prompt_parts": {
  "convention": "7d2f0795092f0fd8",
  "coords": "d9ad3bbd292d11c7",
  "anchor": "d0fca938258091fa",
  "schema": "7f247e6ffe3ca52b",
  "dialect": "bb99d88078941279"
 },
 "offered_key": "box_2d",
 "host": "http://10.8.0.6:11497",
 "server_version": "0.32.14-rc0-dynres-0-ga5d6590",
 "prompt_eval_count": 1535,
 "eval_count": 381,
 "thinking_chars": 0,
 "answer_chars": 719,
 "total_duration": 10365655263,
 "load_duration": 1338209379,
 "prompt_eval_duration": 2146646000,
 "eval_duration": 6699899000,
 "gen_tps": 56.87,
 "prefill_tps": 715.07,
 "num_ctx": 16384,
 "num_predict": 2200,
 "sampling_source": "greedy-think-off",
 "sampling": {
  "temperature": 0
 },
 "req_num_predict": 2200,
 "req_num_ctx": 16384
}
--- bboxm_free_noanc_named [cudafull1_gemma4_31b-it-q4_K_M_thinkfalse] ---
{
 "json_valid": true,
 "declared_type": "norm1000",
 "declared_order": "xyxy",
 "declared_ref": null,
 "field_name": null,
 "declaration_scope": "perobject",
 "labels_found": 6,
 "labels_total": 6,
 "hits_declared": 6,
 "iou_declared": 0.957,
 "hits_bestfit": 6,
 "bestfit_dialect": "norm1000/xyxy",
 "implied_scale": 0.721,
 "iou_at_implied_scale": 0.077,
 "anchor_present": false,
 "anchor_implied_type": null,
 "anchor_implied_ref": null,
 "hits_anchor": 0,
 "iou_anchor": 0.0,
 "anchor_beats_declared": false,
 "self_check": null,
 "self_check_reason": null,
 "degenerate_boxes": 0,
 "degenerate_labels": [],
 "declaration_valid": true,
 "declaration_matches_boxes": true,
 "contract_followed": true,
 "prompt_sha": "490054d91d4cb68a",
 "images_sha": "3470bb0f3ebc74f2",
 "prompt_parts": {
  "convention": "7d2f0795092f0fd8",
  "coords": "eb79a53b4f9241ee",
  "anchor": "e3b0c44298fc1c14",
  "schema": "83d3dd88f713cb86",
  "dialect": "a683c5c5349f6f7f"
 },
 "offered_key": null,
 "host": "http://10.8.0.6:11497",
 "server_version": "0.32.14-rc0-dynres-0-ga5d6590",
 "prompt_eval_count": 1393,
 "eval_count": 334,
 "thinking_chars": 0,
 "answer_chars": 551,
 "total_duration": 9746010557,
 "load_duration": 1395659994,
 "prompt_eval_duration": 2265320000,
 "eval_duration": 5889662000,
 "gen_tps": 56.71,
 "prefill_tps": 614.92,
 "num_ctx": 16384,
 "num_predict": 2200,
 "sampling_source": "greedy-think-off",
 "sampling": {
  "temperature": 0
 },
 "req_num_predict": 2200,
 "req_num_ctx": 16384
}
--- bboxm_free_noanc_pos [cudafull1_gemma4_31b-it-q4_K_M_thinkfalse] ---
{
 "json_valid": true,
 "declared_type": "norm1000",
 "declared_order": "xyxy",
 "declared_ref": null,
 "field_name": "box_2d",
 "declaration_scope": "perobject",
 "labels_found": 6,
 "labels_total": 6,
 "hits_declared": 6,
 "iou_declared": 0.846,
 "hits_bestfit": 6,
 "bestfit_dialect": "norm1000/xyxy",
 "implied_scale": 0.719,
 "iou_at_implied_scale": 0.1,
 "anchor_present": false,
 "anchor_implied_type": null,
 "anchor_implied_ref": null,
 "hits_anchor": 0,
 "iou_anchor": 0.0,
 "anchor_beats_declared": false,
 "self_check": null,
 "self_check_reason": null,
 "degenerate_boxes": 0,
 "degenerate_labels": [],
 "declaration_valid": true,
 "declaration_matches_boxes": true,
 "contract_followed": true,
 "prompt_sha": "899360a2db7409a4",
 "images_sha": "3470bb0f3ebc74f2",
 "prompt_parts": {
  "convention": "7d2f0795092f0fd8",
  "coords": "d9ad3bbd292d11c7",
  "anchor": "e3b0c44298fc1c14",
  "schema": "3f17d19c7b051c2b",
  "dialect": "bb99d88078941279"
 },
 "offered_key": "box_2d",
 "host": "http://10.8.0.6:11497",
 "server_version": "0.32.14-rc0-dynres-0-ga5d6590",
 "prompt_eval_count": 1439,
 "eval_count": 329,
 "thinking_chars": 0,
 "answer_chars": 617,
 "total_duration": 9668827605,
 "load_duration": 1473744759,
 "prompt_eval_duration": 2235978000,
 "eval_duration": 5753340000,
 "gen_tps": 57.18,
 "prefill_tps": 643.57,
 "num_ctx": 16384,
 "num_predict": 2200,
 "sampling_source": "greedy-think-off",
 "sampling": {
  "temperature": 0
 },
 "req_num_predict": 2200,
 "req_num_ctx": 16384
}
--- scene_single_pinned [cudafull1_gemma4_31b-it-q4_K_M_thinkfalse] ---
{
 "json_valid": true,
 "labels_found": 6,
 "labels_total": 6,
 "bbox_hits": 6,
 "bbox_mean_iou": 0.962,
 "bbox_space": "norm1000/xyxy",
 "colors_right": 6,
 "serial_found": true,
 "object_count": 6,
 "prompt_sha": "8a626b5efcda2b54",
 "images_sha": "3470bb0f3ebc74f2",
 "host": "http://10.8.0.6:11497",
 "server_version": "0.32.14-rc0-dynres-0-ga5d6590",
 "prompt_eval_count": 1736,
 "eval_count": 538,
 "thinking_chars": 0,
 "answer_chars": 1258,
 "total_duration": 13561498345,
 "load_duration": 1354959052,
 "prompt_eval_duration": 2439781000,
 "eval_duration": 9541044000,
 "gen_tps": 56.39,
 "prefill_tps": 711.54,
 "num_ctx": 16384,
 "num_predict": 2200,
 "sampling_source": "greedy-think-off",
 "sampling": {
  "temperature": 0
 },
 "req_num_predict": 2200,
 "req_num_ctx": 16384
}
--- scene_single_anchored [cudafull1_gemma4_31b-it-q4_K_M_thinkfalse] ---
{
 "json_valid": true,
 "labels_found": 6,
 "labels_total": 6,
 "bbox_hits": 6,
 "bbox_mean_iou": 0.958,
 "bbox_space": "norm1000/xyxy",
 "colors_right": 6,
 "serial_found": true,
 "object_count": 7,
 "prompt_sha": "c89ce612220b1c85",
 "images_sha": "3470bb0f3ebc74f2",
 "host": "http://10.8.0.6:11497",
 "server_version": "0.32.14-rc0-dynres-0-ga5d6590",
 "prompt_eval_count": 1822,
 "eval_count": 605,
 "thinking_chars": 0,
 "answer_chars": 1428,
 "total_duration": 14630378917,
 "load_duration": 1266635941,
 "prompt_eval_duration": 2465316000,
 "eval_duration": 10708863000,
 "gen_tps": 56.5,
 "prefill_tps": 739.05,
 "num_ctx": 16384,
 "num_predict": 2200,
 "sampling_source": "greedy-think-off",
 "sampling": {
  "temperature": 0
 },
 "req_num_predict": 2200,
 "req_num_ctx": 16384
}
--- scene_single [cudafull1_gemma4_31b-it-q4_K_M_thinkfalse] ---
{
 "json_valid": true,
 "labels_found": 6,
 "labels_total": 6,
 "bbox_hits": 6,
 "bbox_mean_iou": 0.962,
 "bbox_space": "norm1000/xyxy",
 "colors_right": 6,
 "serial_found": true,
 "object_count": 6,
 "prompt_sha": "106788e425df1b45",
 "images_sha": "3470bb0f3ebc74f2",
 "host": "http://10.8.0.6:11497",
 "server_version": "0.32.14-rc0-dynres-0-ga5d6590",
 "prompt_eval_count": 1684,
 "eval_count": 538,
 "thinking_chars": 0,
 "answer_chars": 1258,
 "total_duration": 13629144578,
 "load_duration": 1287194477,
 "prompt_eval_duration": 2604824000,
 "eval_duration": 9562341000,
 "gen_tps": 56.26,
 "prefill_tps": 646.49,
 "num_ctx": 16384,
 "num_predict": 2200,
 "sampling_source": "greedy-think-off",
 "sampling": {
  "temperature": 0
 },
 "req_num_predict": 2200,
 "req_num_ctx": 16384
}
--- document_single [cudafull1_gemma4_31b-it-q4_K_M_thinkfalse] ---
{
 "json_valid": true,
 "invoice_no": true,
 "items_found": 5,
 "items_total": 5,
 "qty_price_right": 5,
 "total_right": true,
 "name_bbox_hits": 4,
 "name_bbox_mean_iou": 0.752,
 "name_bbox_space": "norm1000/xyxy",
 "prompt_sha": "4e628a65bc34e387",
 "images_sha": "7ea5c43a11b9829e",
 "host": "http://10.8.0.6:11497",
 "server_version": "0.32.14-rc0-dynres-0-ga5d6590",
 "prompt_eval_count": 1447,
 "eval_count": 499,
 "thinking_chars": 0,
 "answer_chars": 1023,
 "total_duration": 18052925759,
 "load_duration": 1371352723,
 "prompt_eval_duration": 2619098000,
 "eval_duration": 8851397000,
 "gen_tps": 56.38,
 "prefill_tps": 552.48,
 "num_ctx": 16384,
 "num_predict": 2200,
 "sampling_source": "greedy-think-off",
 "sampling": {
  "temperature": 0
 },
 "req_num_predict": 2200,
 "req_num_ctx": 16384
}
--- multi_3img [cudafull1_gemma4_31b-it-q4_K_M_thinkfalse] ---
{
 "json_valid": true,
 "q1_right": true,
 "q2_right": true,
 "q4_bbox_hit": true,
 "chart_values_found": 5,
 "chart_total": 5,
 "q4_bbox_space": "norm1000/xyxy",
 "prompt_sha": "5e3ea981f6d5551e",
 "images_sha": "7a5285fe1380ac49",
 "host": "http://10.8.0.6:11497",
 "server_version": "0.32.14-rc0-dynres-0-ga5d6590",
 "prompt_eval_count": 3762,
 "eval_count": 1143,
 "thinking_chars": 0,
 "answer_chars": 3272,
 "total_duration": 31527150722,
 "load_duration": 1477140455,
 "prompt_eval_duration": 4978492000,
 "eval_duration": 20932984000,
 "gen_tps": 54.6,
 "prefill_tps": 755.65,
 "num_ctx": 16384,
 "num_predict": 2200,
 "sampling_source": "greedy-think-off",
 "sampling": {
  "temperature": 0
 },
 "req_num_predict": 2200,
 "req_num_ctx": 16384
}
--- multi_3img_anchored [cudafull1_gemma4_31b-it-q4_K_M_thinkfalse] ---
{
 "json_valid": true,
 "q1_right": true,
 "q2_right": true,
 "q4_bbox_hit": true,
 "chart_values_found": 5,
 "chart_total": 5,
 "q4_bbox_space": "norm1000/xyxy",
 "prompt_sha": "aa1042593bd9fc5c",
 "images_sha": "7a5285fe1380ac49",
 "host": "http://10.8.0.6:11497",
 "server_version": "0.32.14-rc0-dynres-0-ga5d6590",
 "prompt_eval_count": 3846,
 "eval_count": 1188,
 "thinking_chars": 0,
 "answer_chars": 3422,
 "total_duration": 28543997934,
 "load_duration": 1515678523,
 "prompt_eval_duration": 5058899000,
 "eval_duration": 21410996000,
 "gen_tps": 55.49,
 "prefill_tps": 760.24,
 "num_ctx": 16384,
 "num_predict": 2200,
 "sampling_source": "greedy-think-off",
 "sampling": {
  "temperature": 0
 },
 "req_num_predict": 2200,
 "req_num_ctx": 16384
}
--- bbox_contract [cudafull1_gemma4_31b-it-q4_K_M_thinkfalse] ---
{
 "json_valid": true,
 "declared_type": "norm1000",
 "declared_order": "xyxy",
 "declared_ref": null,
 "field_name": "box_2d",
 "declaration_scope": "toplevel",
 "labels_found": 6,
 "labels_total": 6,
 "hits_declared": 6,
 "iou_declared": 0.963,
 "hits_bestfit": 6,
 "bestfit_dialect": "norm1000/xyxy",
 "implied_scale": 0.721,
 "iou_at_implied_scale": 0.077,
 "anchor_present": false,
 "anchor_implied_type": null,
 "anchor_implied_ref": null,
 "hits_anchor": 0,
 "iou_anchor": 0.0,
 "anchor_beats_declared": false,
 "self_check": null,
 "self_check_reason": null,
 "degenerate_boxes": 0,
 "degenerate_labels": [],
 "declaration_valid": true,
 "declaration_matches_boxes": true,
 "contract_followed": true,
 "prompt_sha": "ff1788f04f6e8a6d",
 "images_sha": "3470bb0f3ebc74f2",
 "host": "http://10.8.0.6:11497",
 "server_version": "0.32.14-rc0-dynres-0-ga5d6590",
 "prompt_eval_count": 1511,
 "eval_count": 248,
 "thinking_chars": 0,
 "answer_chars": 413,
 "total_duration": 11236146541,
 "load_duration": 1241216897,
 "prompt_eval_duration": 2496311000,
 "eval_duration": 4372085000,
 "gen_tps": 56.72,
 "prefill_tps": 605.29,
 "num_ctx": 16384,
 "num_predict": 2200,
 "sampling_source": "greedy-think-off",
 "sampling": {
  "temperature": 0
 },
 "req_num_predict": 2200,
 "req_num_ctx": 16384
}
--- bbox_contract_multi [cudafull1_gemma4_31b-it-q4_K_M_thinkfalse] ---
{
 "json_valid": true,
 "declared_type": "norm1000",
 "declared_order": "xyxy",
 "declared_ref": null,
 "field_name": "box_2d",
 "declaration_scope": "toplevel",
 "labels_found": 6,
 "labels_total": 6,
 "hits_declared": 0,
 "iou_declared": 0.044,
 "hits_bestfit": 6,
 "bestfit_dialect": "norm1000/yxyx",
 "implied_scale": 0.984,
 "iou_at_implied_scale": 0.028,
 "anchor_present": false,
 "anchor_implied_type": null,
 "anchor_implied_ref": null,
 "hits_anchor": 0,
 "iou_anchor": 0.0,
 "anchor_beats_declared": false,
 "self_check": null,
 "self_check_reason": null,
 "degenerate_boxes": 0,
 "degenerate_labels": [],
 "declaration_valid": true,
 "declaration_matches_boxes": false,
 "contract_followed": false,
 "prompt_sha": "c29e6e987e8396f1",
 "images_sha": "7a5285fe1380ac49",
 "host": "http://10.8.0.6:11497",
 "server_version": "0.32.14-rc0-dynres-0-ga5d6590",
 "prompt_eval_count": 3689,
 "eval_count": 248,
 "thinking_chars": 0,
 "answer_chars": 413,
 "total_duration": 10154043165,
 "load_duration": 1501057840,
 "prompt_eval_duration": 3630045000,
 "eval_duration": 4495132000,
 "gen_tps": 55.17,
 "prefill_tps": 1016.24,
 "num_ctx": 16384,
 "num_predict": 2200,
 "sampling_source": "greedy-think-off",
 "sampling": {
  "temperature": 0
 },
 "req_num_predict": 2200,
 "req_num_ctx": 16384
}
--- bbox_contract_reasoning [cudafull1_gemma4_31b-it-q4_K_M_thinkfalse] ---
{
 "json_valid": true,
 "declared_type": "norm1000",
 "declared_order": "xyxy",
 "declared_ref": null,
 "field_name": "box_2d",
 "declaration_scope": "toplevel",
 "labels_found": 6,
 "labels_total": 6,
 "hits_declared": 0,
 "iou_declared": 0.044,
 "hits_bestfit": 6,
 "bestfit_dialect": "norm1000/yxyx",
 "implied_scale": 0.984,
 "iou_at_implied_scale": 0.029,
 "anchor_present": false,
 "anchor_implied_type": null,
 "anchor_implied_ref": null,
 "hits_anchor": 0,
 "iou_anchor": 0.0,
 "anchor_beats_declared": false,
 "self_check": null,
 "self_check_reason": null,
 "degenerate_boxes": 0,
 "degenerate_labels": [],
 "declaration_valid": true,
 "declaration_matches_boxes": false,
 "contract_followed": false,
 "prompt_sha": "b640462cc251241f",
 "images_sha": "7a5285fe1380ac49",
 "host": "http://10.8.0.6:11497",
 "server_version": "0.32.14-rc0-dynres-0-ga5d6590",
 "prompt_eval_count": 3676,
 "eval_count": 400,
 "thinking_chars": 0,
 "answer_chars": 942,
 "total_duration": 11476609261,
 "load_duration": 1467540728,
 "prompt_eval_duration": 2337133000,
 "eval_duration": 7160737000,
 "gen_tps": 55.86,
 "prefill_tps": 1572.87,
 "num_ctx": 16384,
 "num_predict": 2200,
 "sampling_source": "greedy-think-off",
 "sampling": {
  "temperature": 0
 },
 "req_num_predict": 2200,
 "req_num_ctx": 16384
}
--- bbox_contract_pinned [cudafull1_gemma4_31b-it-q4_K_M_thinkfalse] ---
{
 "json_valid": true,
 "declared_type": "norm1000",
 "declared_order": "xyxy",
 "declared_ref": null,
 "field_name": "box_2d",
 "declaration_scope": "toplevel",
 "labels_found": 6,
 "labels_total": 6,
 "hits_declared": 1,
 "iou_declared": 0.075,
 "hits_bestfit": 6,
 "bestfit_dialect": "norm1000/yxyx",
 "implied_scale": 0.981,
 "iou_at_implied_scale": 0.035,
 "anchor_present": false,
 "anchor_implied_type": null,
 "anchor_implied_ref": null,
 "hits_anchor": 0,
 "iou_anchor": 0.0,
 "anchor_beats_declared": false,
 "self_check": null,
 "self_check_reason": null,
 "degenerate_boxes": 0,
 "degenerate_labels": [],
 "declaration_valid": true,
 "declaration_matches_boxes": false,
 "contract_followed": false,
 "prompt_sha": "af5569e2468717dc",
 "images_sha": "7a5285fe1380ac49",
 "host": "http://10.8.0.6:11497",
 "server_version": "0.32.14-rc0-dynres-0-ga5d6590",
 "prompt_eval_count": 3538,
 "eval_count": 224,
 "thinking_chars": 0,
 "answer_chars": 377,
 "total_duration": 8436322645,
 "load_duration": 1405113559,
 "prompt_eval_duration": 2500599000,
 "eval_duration": 3980141000,
 "gen_tps": 56.28,
 "prefill_tps": 1414.86,
 "num_ctx": 16384,
 "num_predict": 2200,
 "sampling_source": "greedy-think-off",
 "sampling": {
  "temperature": 0
 },
 "req_num_predict": 2200,
 "req_num_ctx": 16384
}
--- bbox_contract_perobject [cudafull1_gemma4_31b-it-q4_K_M_thinkfalse] ---
{
 "json_valid": true,
 "declared_type": "norm1000",
 "declared_order": "xyxy",
 "declared_ref": null,
 "field_name": "box_2d",
 "declaration_scope": "perobject",
 "labels_found": 6,
 "labels_total": 6,
 "hits_declared": 6,
 "iou_declared": 0.847,
 "hits_bestfit": 6,
 "bestfit_dialect": "norm1000/xyxy",
 "implied_scale": 0.718,
 "iou_at_implied_scale": 0.101,
 "anchor_present": false,
 "anchor_implied_type": null,
 "anchor_implied_ref": null,
 "hits_anchor": 0,
 "iou_anchor": 0.0,
 "anchor_beats_declared": false,
 "self_check": null,
 "self_check_reason": null,
 "degenerate_boxes": 0,
 "degenerate_labels": [],
 "declaration_valid": true,
 "declaration_matches_boxes": true,
 "contract_followed": true,
 "prompt_sha": "fe86756127ae5d1a",
 "images_sha": "7a5285fe1380ac49",
 "host": "http://10.8.0.6:11497",
 "server_version": "0.32.14-rc0-dynres-0-ga5d6590",
 "prompt_eval_count": 3551,
 "eval_count": 329,
 "thinking_chars": 0,
 "answer_chars": 617,
 "total_duration": 10264157968,
 "load_duration": 1379955722,
 "prompt_eval_duration": 2490207000,
 "eval_duration": 5857096000,
 "gen_tps": 56.17,
 "prefill_tps": 1425.99,
 "num_ctx": 16384,
 "num_predict": 2200,
 "sampling_source": "greedy-think-off",
 "sampling": {
  "temperature": 0
 },
 "req_num_predict": 2200,
 "req_num_ctx": 16384
}
--- bbox_contract_anchored [cudafull1_gemma4_31b-it-q4_K_M_thinkfalse] ---
{
 "json_valid": true,
 "declared_type": "norm1000",
 "declared_order": "xyxy",
 "declared_ref": null,
 "field_name": null,
 "declaration_scope": "perobject",
 "labels_found": 6,
 "labels_total": 6,
 "hits_declared": 6,
 "iou_declared": 0.961,
 "hits_bestfit": 6,
 "bestfit_dialect": "norm1000/xyxy",
 "implied_scale": 0.72,
 "iou_at_implied_scale": 0.077,
 "anchor_present": true,
 "anchor_implied_type": "norm1000",
 "anchor_implied_ref": null,
 "hits_anchor": 6,
 "iou_anchor": 0.961,
 "anchor_beats_declared": false,
 "self_check": true,
 "self_check_reason": "ok",
 "degenerate_boxes": 0,
 "degenerate_labels": [],
 "declaration_valid": true,
 "declaration_matches_boxes": true,
 "contract_followed": true,
 "prompt_sha": "c1159cad9345b552",
 "images_sha": "7a5285fe1380ac49",
 "host": "http://10.8.0.6:11497",
 "server_version": "0.32.14-rc0-dynres-0-ga5d6590",
 "prompt_eval_count": 3654,
 "eval_count": 515,
 "thinking_chars": 0,
 "answer_chars": 972,
 "total_duration": 13807718174,
 "load_duration": 1413845343,
 "prompt_eval_duration": 2552311000,
 "eval_duration": 9313330000,
 "gen_tps": 55.3,
 "prefill_tps": 1431.64,
 "num_ctx": 16384,
 "num_predict": 2200,
 "sampling_source": "greedy-think-off",
 "sampling": {
  "temperature": 0
 },
 "req_num_predict": 2200,
 "req_num_ctx": 16384
}
--- bbox_contract_anchored_1img [cudafull1_gemma4_31b-it-q4_K_M_thinkfalse] ---
{
 "json_valid": true,
 "declared_type": "norm1000",
 "declared_order": "xyxy",
 "declared_ref": null,
 "field_name": null,
 "declaration_scope": "perobject",
 "labels_found": 6,
 "labels_total": 6,
 "hits_declared": 6,
 "iou_declared": 0.959,
 "hits_bestfit": 6,
 "bestfit_dialect": "norm1000/xyxy",
 "implied_scale": 0.72,
 "iou_at_implied_scale": 0.077,
 "anchor_present": true,
 "anchor_implied_type": "norm1000",
 "anchor_implied_ref": null,
 "hits_anchor": 6,
 "iou_anchor": 0.959,
 "anchor_beats_declared": false,
 "self_check": true,
 "self_check_reason": "ok",
 "degenerate_boxes": 0,
 "degenerate_labels": [],
 "declaration_valid": true,
 "declaration_matches_boxes": true,
 "contract_followed": true,
 "prompt_sha": "c1159cad9345b552",
 "images_sha": "3470bb0f3ebc74f2",
 "host": "http://10.8.0.6:11497",
 "server_version": "0.32.14-rc0-dynres-0-ga5d6590",
 "prompt_eval_count": 1497,
 "eval_count": 515,
 "thinking_chars": 0,
 "answer_chars": 972,
 "total_duration": 18806127022,
 "load_duration": 1322621888,
 "prompt_eval_duration": 2658747000,
 "eval_duration": 9142513000,
 "gen_tps": 56.33,
 "prefill_tps": 563.05,
 "num_ctx": 16384,
 "num_predict": 2200,
 "sampling_source": "greedy-think-off",
 "sampling": {
  "temperature": 0
 },
 "req_num_predict": 2200,
 "req_num_ctx": 16384
}
--- bbox_contract_box2d_1img [cudafull1_gemma4_31b-it-q4_K_M_thinkfalse] ---
{
 "json_valid": true,
 "declared_type": "norm1000",
 "declared_order": "xyxy",
 "declared_ref": null,
 "field_name": "box_2d",
 "declaration_scope": "perobject",
 "labels_found": 6,
 "labels_total": 6,
 "hits_declared": 6,
 "iou_declared": 0.848,
 "hits_bestfit": 6,
 "bestfit_dialect": "norm1000/xyxy",
 "implied_scale": 0.719,
 "iou_at_implied_scale": 0.1,
 "anchor_present": true,
 "anchor_implied_type": "norm1000",
 "anchor_implied_ref": null,
 "hits_anchor": 6,
 "iou_anchor": 0.848,
 "anchor_beats_declared": false,
 "self_check": true,
 "self_check_reason": "ok",
 "degenerate_boxes": 0,
 "degenerate_labels": [],
 "declaration_valid": true,
 "declaration_matches_boxes": true,
 "contract_followed": true,
 "prompt_sha": "72f3c0c25fc6845d",
 "images_sha": "3470bb0f3ebc74f2",
 "host": "http://10.8.0.6:11497",
 "server_version": "0.32.14-rc0-dynres-0-ga5d6590",
 "prompt_eval_count": 1500,
 "eval_count": 381,
 "thinking_chars": 0,
 "answer_chars": 719,
 "total_duration": 10597766099,
 "load_duration": 1253550450,
 "prompt_eval_duration": 2408270000,
 "eval_duration": 6753164000,
 "gen_tps": 56.42,
 "prefill_tps": 622.85,
 "num_ctx": 16384,
 "num_predict": 2200,
 "sampling_source": "greedy-think-off",
 "sampling": {
  "temperature": 0
 },
 "req_num_predict": 2200,
 "req_num_ctx": 16384
}
--- bbox_contract_positional_1img [cudafull1_gemma4_31b-it-q4_K_M_thinkfalse] ---
{
 "json_valid": true,
 "declared_type": "norm1000",
 "declared_order": "xyxy",
 "declared_ref": null,
 "field_name": "box_2d",
 "declaration_scope": "perobject",
 "labels_found": 6,
 "labels_total": 6,
 "hits_declared": 6,
 "iou_declared": 0.848,
 "hits_bestfit": 6,
 "bestfit_dialect": "norm1000/xyxy",
 "implied_scale": 0.719,
 "iou_at_implied_scale": 0.1,
 "anchor_present": true,
 "anchor_implied_type": "norm1000",
 "anchor_implied_ref": null,
 "hits_anchor": 6,
 "iou_anchor": 0.848,
 "anchor_beats_declared": false,
 "self_check": true,
 "self_check_reason": "ok",
 "degenerate_boxes": 0,
 "degenerate_labels": [],
 "declaration_valid": true,
 "declaration_matches_boxes": true,
 "contract_followed": true,
 "prompt_sha": "81359502f059f454",
 "images_sha": "3470bb0f3ebc74f2",
 "host": "http://10.8.0.6:11497",
 "server_version": "0.32.14-rc0-dynres-0-ga5d6590",
 "prompt_eval_count": 1520,
 "eval_count": 381,
 "thinking_chars": 0,
 "answer_chars": 719,
 "total_duration": 10832564553,
 "load_duration": 1390426005,
 "prompt_eval_duration": 2452111000,
 "eval_duration": 6757138000,
 "gen_tps": 56.38,
 "prefill_tps": 619.87,
 "num_ctx": 16384,
 "num_predict": 2200,
 "sampling_source": "greedy-think-off",
 "sampling": {
  "temperature": 0
 },
 "req_num_predict": 2200,
 "req_num_ctx": 16384
}
--- bbox_contract_real_1img [cudafull1_gemma4_31b-it-q4_K_M_thinkfalse] ---
{
 "json_valid": true,
 "declared_type": "real",
 "declared_order": "xyxy",
 "declared_ref": [
  2560,
  1440
 ],
 "field_name": null,
 "declaration_scope": "perobject",
 "labels_found": 6,
 "labels_total": 6,
 "hits_declared": 6,
 "iou_declared": 0.94,
 "hits_bestfit": 1,
 "bestfit_dialect": "real/xyxy",
 "implied_scale": 1.331,
 "iou_at_implied_scale": 0.938,
 "anchor_present": true,
 "anchor_implied_type": "real",
 "anchor_implied_ref": [
  2560,
  1440
 ],
 "hits_anchor": 6,
 "iou_anchor": 0.94,
 "anchor_beats_declared": false,
 "self_check": true,
 "self_check_reason": "ok",
 "degenerate_boxes": 0,
 "degenerate_labels": [],
 "declaration_valid": true,
 "declaration_matches_boxes": true,
 "contract_followed": true,
 "prompt_sha": "c69c59040c15ea65",
 "images_sha": "3470bb0f3ebc74f2",
 "host": "http://10.8.0.6:11497",
 "server_version": "0.32.14-rc0-dynres-0-ga5d6590",
 "prompt_eval_count": 1457,
 "eval_count": 489,
 "thinking_chars": 0,
 "answer_chars": 807,
 "total_duration": 12675841050,
 "load_duration": 1292514605,
 "prompt_eval_duration": 2551432000,
 "eval_duration": 8620516000,
 "gen_tps": 56.73,
 "prefill_tps": 571.05,
 "num_ctx": 16384,
 "num_predict": 2200,
 "sampling_source": "greedy-think-off",
 "sampling": {
  "temperature": 0
 },
 "req_num_predict": 2200,
 "req_num_ctx": 16384
}
--- bbox_contract_adv_real [cudafull1_gemma4_31b-it-q4_K_M_thinkfalse] ---
{
 "json_valid": true,
 "declared_type": "real",
 "declared_order": "xyxy",
 "declared_ref": [
  1000,
  1000
 ],
 "field_name": null,
 "declaration_scope": "perobject",
 "labels_found": 6,
 "labels_total": 6,
 "hits_declared": 6,
 "iou_declared": 0.959,
 "hits_bestfit": 6,
 "bestfit_dialect": "norm1000/xyxy",
 "implied_scale": 0.72,
 "iou_at_implied_scale": 0.077,
 "anchor_present": true,
 "anchor_implied_type": "norm1000",
 "anchor_implied_ref": null,
 "hits_anchor": 6,
 "iou_anchor": 0.959,
 "anchor_beats_declared": false,
 "self_check": true,
 "self_check_reason": "ok",
 "degenerate_boxes": 0,
 "degenerate_labels": [],
 "declaration_valid": true,
 "declaration_matches_boxes": true,
 "contract_followed": true,
 "prompt_sha": "316cf35bd24dd403",
 "images_sha": "7a5285fe1380ac49",
 "host": "http://10.8.0.6:11497",
 "server_version": "0.32.14-rc0-dynres-0-ga5d6590",
 "prompt_eval_count": 3549,
 "eval_count": 479,
 "thinking_chars": 0,
 "answer_chars": 796,
 "total_duration": 14420655004,
 "load_duration": 1474666688,
 "prompt_eval_duration": 3749971000,
 "eval_duration": 8634250000,
 "gen_tps": 55.48,
 "prefill_tps": 946.41,
 "num_ctx": 16384,
 "num_predict": 2200,
 "sampling_source": "greedy-think-off",
 "sampling": {
  "temperature": 0
 },
 "req_num_predict": 2200,
 "req_num_ctx": 16384
}
--- bbox_contract_adv_norm1 [cudafull1_gemma4_31b-it-q4_K_M_thinkfalse] ---
{
 "json_valid": true,
 "declared_type": "norm1",
 "declared_order": "xyxy",
 "declared_ref": null,
 "field_name": null,
 "declaration_scope": "perobject",
 "labels_found": 6,
 "labels_total": 6,
 "hits_declared": 0,
 "iou_declared": 0.0,
 "hits_bestfit": 6,
 "bestfit_dialect": "norm1000/xyxy",
 "implied_scale": 0.72,
 "iou_at_implied_scale": 0.077,
 "anchor_present": true,
 "anchor_implied_type": "norm1",
 "anchor_implied_ref": null,
 "hits_anchor": 0,
 "iou_anchor": 0.0,
 "anchor_beats_declared": false,
 "self_check": false,
 "self_check_reason": "range: max coordinate 896 exceeds 1",
 "degenerate_boxes": 0,
 "degenerate_labels": [],
 "declaration_valid": true,
 "declaration_matches_boxes": false,
 "contract_followed": false,
 "prompt_sha": "5868e908d1e35b59",
 "images_sha": "7a5285fe1380ac49",
 "host": "http://10.8.0.6:11497",
 "server_version": "0.32.14-rc0-dynres-0-ga5d6590",
 "prompt_eval_count": 3531,
 "eval_count": 360,
 "thinking_chars": 0,
 "answer_chars": 615,
 "total_duration": 10884490723,
 "load_duration": 1579764251,
 "prompt_eval_duration": 2341321000,
 "eval_duration": 6444841000,
 "gen_tps": 55.86,
 "prefill_tps": 1508.12,
 "num_ctx": 16384,
 "num_predict": 2200,
 "sampling_source": "greedy-think-off",
 "sampling": {
  "temperature": 0
 },
 "req_num_predict": 2200,
 "req_num_ctx": 16384
}
--- finetext [cudafull1_gemma4_31b-it-q4_K_M_thinkfalse] ---
{
 "json_valid": true,
 "recall_22px": 4,
 "recall_16px": 4,
 "recall_12px": 4,
 "recall_9px": 4,
 "recall_7px": 3,
 "total_found": 20,
 "prompt_sha": "2609dc6cba954ae7",
 "images_sha": "a1d6d5519519ecb4",
 "host": "http://10.8.0.6:11497",
 "server_version": "0.32.14-rc0-dynres-0-ga5d6590",
 "prompt_eval_count": 1173,
 "eval_count": 264,
 "thinking_chars": 0,
 "answer_chars": 351,
 "total_duration": 13085382857,
 "load_duration": 1404503105,
 "prompt_eval_duration": 2504397000,
 "eval_duration": 4604197000,
 "gen_tps": 57.34,
 "prefill_tps": 468.38,
 "num_ctx": 16384,
 "num_predict": 2200,
 "sampling_source": "greedy-think-off",
 "sampling": {
  "temperature": 0
 },
 "req_num_predict": 2200,
 "req_num_ctx": 16384
}
SUITE DONE cudafull1_gemma4_31b-it-q4_K_M_thinkfalse
--- finetext [cudafull1_gemma4_31b-it-q4_K_M_thinkfalse] ---
{
 "tag": "cudafull1_gemma4_31b-it-q4_K_M_thinkfalse",
 "json_valid": true,
 "recall_22px": 4,
 "recall_16px": 4,
 "recall_12px": 4,
 "recall_9px": 4,
 "recall_7px": 3,
 "total_found": 20,
 "host": "http://10.8.0.6:11497",
 "server_version": "0.32.14-rc0-dynres-0-ga5d6590",
 "prompt_eval_count": 1173,
 "eval_count": 264,
 "thinking_chars": 0,
 "answer_chars": 351,
 "num_ctx": 16384,
 "num_predict": 2200,
 "sampling_source": "greedy-think-off",
 "sampling": {
  "temperature": 0
 }
}
##### DONE gemma4:31b-it-q4_K_M think=false rep=1 11:13:06
##### MODEL gemma4:31b-it-q4_K_M think=on tag=cudafull1_gemma4_31b-it-q4_K_M_thinkon num_predict=8192 num_ctx=16384 11:13:07 powermode=2
evicted ['gemma4:31b-it-q4_K_M']
unload gemma4:31b-it-q4_K_M: ok
--- bboxm_pin_anc_named [cudafull1_gemma4_31b-it-q4_K_M_thinkon] ---
{
 "json_valid": true,
 "declared_type": "norm1000",
 "declared_order": "xyxy",
 "declared_ref": null,
 "field_name": null,
 "declaration_scope": "perobject",
 "labels_found": 6,
 "labels_total": 6,
 "hits_declared": 6,
 "iou_declared": 0.957,
 "hits_bestfit": 6,
 "bestfit_dialect": "norm1000/xyxy",
 "implied_scale": 0.721,
 "iou_at_implied_scale": 0.078,
 "anchor_present": true,
 "anchor_implied_type": "norm1000",
 "anchor_implied_ref": null,
 "hits_anchor": 6,
 "iou_anchor": 0.957,
 "anchor_beats_declared": false,
 "self_check": true,
 "self_check_reason": "ok",
 "degenerate_boxes": 0,
 "degenerate_labels": [],
 "declaration_valid": true,
 "declaration_matches_boxes": true,
 "contract_followed": true,
 "prompt_sha": "9046c68c8cb2f152",
 "images_sha": "3470bb0f3ebc74f2",
 "prompt_parts": {
  "convention": "8a2ee7bf80445f0a",
  "coords": "eb79a53b4f9241ee",
  "anchor": "d0fca938258091fa",
  "schema": "767bd3d7d37cc96f",
  "dialect": "a683c5c5349f6f7f"
 },
 "offered_key": null,
 "host": "http://10.8.0.6:11497",
 "server_version": "0.32.14-rc0-dynres-0-ga5d6590",
 "prompt_eval_count": 1465,
 "eval_count": 956,
 "thinking_chars": 950,
 "answer_chars": 678,
 "total_duration": 39225714797,
 "load_duration": 17036734745,
 "prompt_eval_duration": 4936476707,
 "eval_duration": 17059777585,
 "gen_tps": 56.04,
 "prefill_tps": 296.77,
 "num_ctx": 16384,
 "num_predict": 8192,
 "sampling_source": "card:gemma4+temp0",
 "sampling": {
  "temperature": 0.0,
  "top_p": 0.95,
  "top_k": 64
 },
 "req_num_predict": 8192,
 "req_num_ctx": 16384
}
--- bboxm_pin_anc_pos [cudafull1_gemma4_31b-it-q4_K_M_thinkon] ---
{
 "json_valid": true,
 "declared_type": "norm1000",
 "declared_order": "xyxy",
 "declared_ref": null,
 "field_name": "box_2d",
 "declaration_scope": "perobject",
 "labels_found": 6,
 "labels_total": 6,
 "hits_declared": 6,
 "iou_declared": 0.958,
 "hits_bestfit": 6,
 "bestfit_dialect": "norm1000/xyxy",
 "implied_scale": 0.72,
 "iou_at_implied_scale": 0.077,
 "anchor_present": true,
 "anchor_implied_type": "norm1000",
 "anchor_implied_ref": null,
 "hits_anchor": 6,
 "iou_anchor": 0.958,
 "anchor_beats_declared": false,
 "self_check": true,
 "self_check_reason": "ok",
 "degenerate_boxes": 0,
 "degenerate_labels": [],
 "declaration_valid": true,
 "declaration_matches_boxes": true,
 "contract_followed": true,
 "prompt_sha": "4e8b7db664da7165",
 "images_sha": "3470bb0f3ebc74f2",
 "prompt_parts": {
  "convention": "8a2ee7bf80445f0a",
  "coords": "d9ad3bbd292d11c7",
  "anchor": "d0fca938258091fa",
  "schema": "eff01b8145940261",
  "dialect": "bb99d88078941279"
 },
 "offered_key": "box_2d",
 "host": "http://10.8.0.6:11497",
 "server_version": "0.32.14-rc0-dynres-0-ga5d6590",
 "prompt_eval_count": 1516,
 "eval_count": 2182,
 "thinking_chars": 2978,
 "answer_chars": 965,
 "total_duration": 52494186264,
 "load_duration": 1428698542,
 "prompt_eval_duration": 11154936999,
 "eval_duration": 39704239343,
 "gen_tps": 54.96,
 "prefill_tps": 135.9,
 "num_ctx": 16384,
 "num_predict": 8192,
 "sampling_source": "card:gemma4+temp0",
 "sampling": {
  "temperature": 0.0,
  "top_p": 0.95,
  "top_k": 64
 },
 "req_num_predict": 8192,
 "req_num_ctx": 16384
}
--- bboxm_pin_noanc_named [cudafull1_gemma4_31b-it-q4_K_M_thinkon] ---
{
 "json_valid": true,
 "declared_type": "norm1000",
 "declared_order": "xyxy",
 "declared_ref": null,
 "field_name": null,
 "declaration_scope": "perobject",
 "labels_found": 6,
 "labels_total": 6,
 "hits_declared": 6,
 "iou_declared": 0.958,
 "hits_bestfit": 6,
 "bestfit_dialect": "norm1000/xyxy",
 "implied_scale": 0.72,
 "iou_at_implied_scale": 0.077,
 "anchor_present": false,
 "anchor_implied_type": null,
 "anchor_implied_ref": null,
 "hits_anchor": 0,
 "iou_anchor": 0.0,
 "anchor_beats_declared": false,
 "self_check": null,
 "self_check_reason": null,
 "degenerate_boxes": 0,
 "degenerate_labels": [],
 "declaration_valid": true,
 "declaration_matches_boxes": true,
 "contract_followed": true,
 "prompt_sha": "45f32d2935196d5d",
 "images_sha": "3470bb0f3ebc74f2",
 "prompt_parts": {
  "convention": "8a2ee7bf80445f0a",
  "coords": "eb79a53b4f9241ee",
  "anchor": "e3b0c44298fc1c14",
  "schema": "83d3dd88f713cb86",
  "dialect": "a683c5c5349f6f7f"
 },
 "offered_key": null,
 "host": "http://10.8.0.6:11497",
 "server_version": "0.32.14-rc0-dynres-0-ga5d6590",
 "prompt_eval_count": 1381,
 "eval_count": 676,
 "thinking_chars": 661,
 "answer_chars": 551,
 "total_duration": 25578579476,
 "load_duration": 1294088295,
 "prompt_eval_duration": 12131614757,
 "eval_duration": 11971581547,
 "gen_tps": 56.47,
 "prefill_tps": 113.83,
 "num_ctx": 16384,
 "num_predict": 8192,
 "sampling_source": "card:gemma4+temp0",
 "sampling": {
  "temperature": 0.0,
  "top_p": 0.95,
  "top_k": 64
 },
 "req_num_predict": 8192,
 "req_num_ctx": 16384
}
--- bboxm_pin_noanc_pos [cudafull1_gemma4_31b-it-q4_K_M_thinkon] ---
{
 "json_valid": true,
 "declared_type": "norm1000",
 "declared_order": "xyxy",
 "declared_ref": null,
 "field_name": "box_2d",
 "declaration_scope": "perobject",
 "labels_found": 6,
 "labels_total": 6,
 "hits_declared": 6,
 "iou_declared": 0.959,
 "hits_bestfit": 6,
 "bestfit_dialect": "norm1000/xyxy",
 "implied_scale": 0.72,
 "iou_at_implied_scale": 0.077,
 "anchor_present": false,
 "anchor_implied_type": null,
 "anchor_implied_ref": null,
 "hits_anchor": 0,
 "iou_anchor": 0.0,
 "anchor_beats_declared": false,
 "self_check": null,
 "self_check_reason": null,
 "degenerate_boxes": 0,
 "degenerate_labels": [],
 "declaration_valid": true,
 "declaration_matches_boxes": true,
 "contract_followed": true,
 "prompt_sha": "897576958243aa9f",
 "images_sha": "3470bb0f3ebc74f2",
 "prompt_parts": {
  "convention": "8a2ee7bf80445f0a",
  "coords": "d9ad3bbd292d11c7",
  "anchor": "e3b0c44298fc1c14",
  "schema": "3f17d19c7b051c2b",
  "dialect": "bb99d88078941279"
 },
 "offered_key": "box_2d",
 "host": "http://10.8.0.6:11497",
 "server_version": "0.32.14-rc0-dynres-0-ga5d6590",
 "prompt_eval_count": 1427,
 "eval_count": 1983,
 "thinking_chars": 2554,
 "answer_chars": 829,
 "total_duration": 41816045258,
 "load_duration": 1346873903,
 "prompt_eval_duration": 4942585061,
 "eval_duration": 35320010483,
 "gen_tps": 56.14,
 "prefill_tps": 288.72,
 "num_ctx": 16384,
 "num_predict": 8192,
 "sampling_source": "card:gemma4+temp0",
 "sampling": {
  "temperature": 0.0,
  "top_p": 0.95,
  "top_k": 64
 },
 "req_num_predict": 8192,
 "req_num_ctx": 16384
}
--- bboxm_free_anc_named [cudafull1_gemma4_31b-it-q4_K_M_thinkon] ---
{
 "json_valid": true,
 "declared_type": "norm1000",
 "declared_order": "xyxy",
 "declared_ref": null,
 "field_name": null,
 "declaration_scope": "perobject",
 "labels_found": 6,
 "labels_total": 6,
 "hits_declared": 6,
 "iou_declared": 0.96,
 "hits_bestfit": 6,
 "bestfit_dialect": "norm1000/xyxy",
 "implied_scale": 0.721,
 "iou_at_implied_scale": 0.077,
 "anchor_present": true,
 "anchor_implied_type": "norm1000",
 "anchor_implied_ref": null,
 "hits_anchor": 6,
 "iou_anchor": 0.96,
 "anchor_beats_declared": false,
 "self_check": true,
 "self_check_reason": "ok",
 "degenerate_boxes": 0,
 "degenerate_labels": [],
 "declaration_valid": true,
 "declaration_matches_boxes": true,
 "contract_followed": true,
 "prompt_sha": "411e67aea82fa1c4",
 "images_sha": "3470bb0f3ebc74f2",
 "prompt_parts": {
  "convention": "7d2f0795092f0fd8",
  "coords": "eb79a53b4f9241ee",
  "anchor": "d0fca938258091fa",
  "schema": "93d3e11298fd3fd2",
  "dialect": "a683c5c5349f6f7f"
 },
 "offered_key": null,
 "host": "http://10.8.0.6:11497",
 "server_version": "0.32.14-rc0-dynres-0-ga5d6590",
 "prompt_eval_count": 1487,
 "eval_count": 1778,
 "thinking_chars": 2437,
 "answer_chars": 972,
 "total_duration": 43464010895,
 "load_duration": 1148190698,
 "prompt_eval_duration": 10196338500,
 "eval_duration": 31862551612,
 "gen_tps": 55.8,
 "prefill_tps": 145.84,
 "num_ctx": 16384,
 "num_predict": 8192,
 "sampling_source": "card:gemma4+temp0",
 "sampling": {
  "temperature": 0.0,
  "top_p": 0.95,
  "top_k": 64
 },
 "req_num_predict": 8192,
 "req_num_ctx": 16384
}
--- bboxm_free_anc_pos [cudafull1_gemma4_31b-it-q4_K_M_thinkon] ---
{
 "json_valid": true,
 "declared_type": "norm1000",
 "declared_order": "xyxy",
 "declared_ref": null,
 "field_name": "box_2d",
 "declaration_scope": "perobject",
 "labels_found": 6,
 "labels_total": 6,
 "hits_declared": 6,
 "iou_declared": 0.961,
 "hits_bestfit": 6,
 "bestfit_dialect": "norm1000/xyxy",
 "implied_scale": 0.721,
 "iou_at_implied_scale": 0.077,
 "anchor_present": true,
 "anchor_implied_type": "norm1000",
 "anchor_implied_ref": null,
 "hits_anchor": 6,
 "iou_anchor": 0.961,
 "anchor_beats_declared": false,
 "self_check": true,
 "self_check_reason": "ok",
 "degenerate_boxes": 0,
 "degenerate_labels": [],
 "declaration_valid": true,
 "declaration_matches_boxes": true,
 "contract_followed": true,
 "prompt_sha": "e1af6b71ec56afcc",
 "images_sha": "3470bb0f3ebc74f2",
 "prompt_parts": {
  "convention": "7d2f0795092f0fd8",
  "coords": "d9ad3bbd292d11c7",
  "anchor": "d0fca938258091fa",
  "schema": "7f247e6ffe3ca52b",
  "dialect": "bb99d88078941279"
 },
 "offered_key": "box_2d",
 "host": "http://10.8.0.6:11497",
 "server_version": "0.32.14-rc0-dynres-0-ga5d6590",
 "prompt_eval_count": 1538,
 "eval_count": 1184,
 "thinking_chars": 1472,
 "answer_chars": 965,
 "total_duration": 33932403711,
 "load_duration": 1201399954,
 "prompt_eval_duration": 11502009287,
 "eval_duration": 20990731184,
 "gen_tps": 56.41,
 "prefill_tps": 133.72,
 "num_ctx": 16384,
 "num_predict": 8192,
 "sampling_source": "card:gemma4+temp0",
 "sampling": {
  "temperature": 0.0,
  "top_p": 0.95,
  "top_k": 64
 },
 "req_num_predict": 8192,
 "req_num_ctx": 16384
}
--- bboxm_free_noanc_named [cudafull1_gemma4_31b-it-q4_K_M_thinkon] ---
{
 "json_valid": true,
 "declared_type": "norm1000",
 "declared_order": "xyxy",
 "declared_ref": null,
 "field_name": null,
 "declaration_scope": "perobject",
 "labels_found": 6,
 "labels_total": 6,
 "hits_declared": 6,
 "iou_declared": 0.956,
 "hits_bestfit": 6,
 "bestfit_dialect": "norm1000/xyxy",
 "implied_scale": 0.72,
 "iou_at_implied_scale": 0.077,
 "anchor_present": false,
 "anchor_implied_type": null,
 "anchor_implied_ref": null,
 "hits_anchor": 0,
 "iou_anchor": 0.0,
 "anchor_beats_declared": false,
 "self_check": null,
 "self_check_reason": null,
 "degenerate_boxes": 0,
 "degenerate_labels": [],
 "declaration_valid": true,
 "declaration_matches_boxes": true,
 "contract_followed": true,
 "prompt_sha": "490054d91d4cb68a",
 "images_sha": "3470bb0f3ebc74f2",
 "prompt_parts": {
  "convention": "7d2f0795092f0fd8",
  "coords": "eb79a53b4f9241ee",
  "anchor": "e3b0c44298fc1c14",
  "schema": "83d3dd88f713cb86",
  "dialect": "a683c5c5349f6f7f"
 },
 "offered_key": null,
 "host": "http://10.8.0.6:11497",
 "server_version": "0.32.14-rc0-dynres-0-ga5d6590",
 "prompt_eval_count": 1396,
 "eval_count": 1089,
 "thinking_chars": 1605,
 "answer_chars": 583,
 "total_duration": 30628580988,
 "load_duration": 1353661524,
 "prompt_eval_duration": 9866626554,
 "eval_duration": 19203119669,
 "gen_tps": 56.71,
 "prefill_tps": 141.49,
 "num_ctx": 16384,
 "num_predict": 8192,
 "sampling_source": "card:gemma4+temp0",
 "sampling": {
  "temperature": 0.0,
  "top_p": 0.95,
  "top_k": 64
 },
 "req_num_predict": 8192,
 "req_num_ctx": 16384
}
--- bboxm_free_noanc_pos [cudafull1_gemma4_31b-it-q4_K_M_thinkon] ---
{
 "json_valid": true,
 "declared_type": "norm1000",
 "declared_order": "xyxy",
 "declared_ref": null,
 "field_name": "box_2d",
 "declaration_scope": "perobject",
 "labels_found": 6,
 "labels_total": 6,
 "hits_declared": 6,
 "iou_declared": 0.959,
 "hits_bestfit": 6,
 "bestfit_dialect": "norm1000/xyxy",
 "implied_scale": 0.72,
 "iou_at_implied_scale": 0.077,
 "anchor_present": false,
 "anchor_implied_type": null,
 "anchor_implied_ref": null,
 "hits_anchor": 0,
 "iou_anchor": 0.0,
 "anchor_beats_declared": false,
 "self_check": null,
 "self_check_reason": null,
 "degenerate_boxes": 0,
 "degenerate_labels": [],
 "declaration_valid": true,
 "declaration_matches_boxes": true,
 "contract_followed": true,
 "prompt_sha": "899360a2db7409a4",
 "images_sha": "3470bb0f3ebc74f2",
 "prompt_parts": {
  "convention": "7d2f0795092f0fd8",
  "coords": "d9ad3bbd292d11c7",
  "anchor": "e3b0c44298fc1c14",
  "schema": "3f17d19c7b051c2b",
  "dialect": "bb99d88078941279"
 },
 "offered_key": "box_2d",
 "host": "http://10.8.0.6:11497",
 "server_version": "0.32.14-rc0-dynres-0-ga5d6590",
 "prompt_eval_count": 1442,
 "eval_count": 1811,
 "thinking_chars": 2164,
 "answer_chars": 1069,
 "total_duration": 45856958787,
 "load_duration": 1265149612,
 "prompt_eval_duration": 12339122608,
 "eval_duration": 32022185490,
 "gen_tps": 56.55,
 "prefill_tps": 116.86,
 "num_ctx": 16384,
 "num_predict": 8192,
 "sampling_source": "card:gemma4+temp0",
 "sampling": {
  "temperature": 0.0,
  "top_p": 0.95,
  "top_k": 64
 },
 "req_num_predict": 8192,
 "req_num_ctx": 16384
}
--- scene_single_pinned [cudafull1_gemma4_31b-it-q4_K_M_thinkon] ---
{
 "json_valid": true,
 "labels_found": 6,
 "labels_total": 6,
 "bbox_hits": 6,
 "bbox_mean_iou": 0.964,
 "bbox_space": "norm1000/xyxy",
 "colors_right": 6,
 "serial_found": true,
 "object_count": 6,
 "prompt_sha": "8a626b5efcda2b54",
 "images_sha": "3470bb0f3ebc74f2",
 "host": "http://10.8.0.6:11497",
 "server_version": "0.32.14-rc0-dynres-0-ga5d6590",
 "prompt_eval_count": 1739,
 "eval_count": 2377,
 "thinking_chars": 3843,
 "answer_chars": 1245,
 "total_duration": 53684642588,
 "load_duration": 1166472488,
 "prompt_eval_duration": 9983818176,
 "eval_duration": 42273103588,
 "gen_tps": 56.23,
 "prefill_tps": 174.18,
 "num_ctx": 16384,
 "num_predict": 8192,
 "sampling_source": "card:gemma4+temp0",
 "sampling": {
  "temperature": 0.0,
  "top_p": 0.95,
  "top_k": 64
 },
 "req_num_predict": 8192,
 "req_num_ctx": 16384
}
--- scene_single_anchored [cudafull1_gemma4_31b-it-q4_K_M_thinkon] ---
{
 "json_valid": true,
 "labels_found": 6,
 "labels_total": 6,
 "bbox_hits": 6,
 "bbox_mean_iou": 0.749,
 "bbox_space": "norm1000/xyxy",
 "colors_right": 6,
 "serial_found": true,
 "object_count": 7,
 "prompt_sha": "c89ce612220b1c85",
 "images_sha": "3470bb0f3ebc74f2",
 "host": "http://10.8.0.6:11497",
 "server_version": "0.32.14-rc0-dynres-0-ga5d6590",
 "prompt_eval_count": 1825,
 "eval_count": 3024,
 "thinking_chars": 5251,
 "answer_chars": 1410,
 "total_duration": 66613497402,
 "load_duration": 1262066084,
 "prompt_eval_duration": 11273331797,
 "eval_duration": 53814361579,
 "gen_tps": 56.19,
 "prefill_tps": 161.89,
 "num_ctx": 16384,
 "num_predict": 8192,
 "sampling_source": "card:gemma4+temp0",
 "sampling": {
  "temperature": 0.0,
  "top_p": 0.95,
  "top_k": 64
 },
 "req_num_predict": 8192,
 "req_num_ctx": 16384
}
--- scene_single [cudafull1_gemma4_31b-it-q4_K_M_thinkon] ---
{
 "json_valid": true,
 "labels_found": 6,
 "labels_total": 6,
 "bbox_hits": 6,
 "bbox_mean_iou": 0.962,
 "bbox_space": "norm1000/xyxy",
 "colors_right": 6,
 "serial_found": true,
 "object_count": 6,
 "prompt_sha": "106788e425df1b45",
 "images_sha": "3470bb0f3ebc74f2",
 "host": "http://10.8.0.6:11497",
 "server_version": "0.32.14-rc0-dynres-0-ga5d6590",
 "prompt_eval_count": 1687,
 "eval_count": 1372,
 "thinking_chars": 1909,
 "answer_chars": 1233,
 "total_duration": 36671751197,
 "load_duration": 1284330050,
 "prompt_eval_duration": 10786508984,
 "eval_duration": 24395448080,
 "gen_tps": 56.24,
 "prefill_tps": 156.4,
 "num_ctx": 16384,
 "num_predict": 8192,
 "sampling_source": "card:gemma4+temp0",
 "sampling": {
  "temperature": 0.0,
  "top_p": 0.95,
  "top_k": 64
 },
 "req_num_predict": 8192,
 "req_num_ctx": 16384
}
--- document_single [cudafull1_gemma4_31b-it-q4_K_M_thinkon] ---
{
 "json_valid": true,
 "invoice_no": true,
 "items_found": 5,
 "items_total": 5,
 "qty_price_right": 5,
 "total_right": true,
 "name_bbox_hits": 4,
 "name_bbox_mean_iou": 0.709,
 "name_bbox_space": "norm1000/xyxy",
 "prompt_sha": "4e628a65bc34e387",
 "images_sha": "7ea5c43a11b9829e",
 "host": "http://10.8.0.6:11497",
 "server_version": "0.32.14-rc0-dynres-0-ga5d6590",
 "prompt_eval_count": 1450,
 "eval_count": 2491,
 "thinking_chars": 4231,
 "answer_chars": 1018,
 "total_duration": 57641666291,
 "load_duration": 1361250102,
 "prompt_eval_duration": 11497384295,
 "eval_duration": 44495433383,
 "gen_tps": 55.98,
 "prefill_tps": 126.12,
 "num_ctx": 16384,
 "num_predict": 8192,
 "sampling_source": "card:gemma4+temp0",
 "sampling": {
  "temperature": 0.0,
  "top_p": 0.95,
  "top_k": 64
 },
 "req_num_predict": 8192,
 "req_num_ctx": 16384
}
--- multi_3img [cudafull1_gemma4_31b-it-q4_K_M_thinkon] ---
{
 "json_valid": true,
 "q1_right": true,
 "q2_right": true,
 "q4_bbox_hit": true,
 "chart_values_found": 5,
 "chart_total": 5,
 "q4_bbox_space": "norm1000/xyxy",
 "prompt_sha": "5e3ea981f6d5551e",
 "images_sha": "7a5285fe1380ac49",
 "host": "http://10.8.0.6:11497",
 "server_version": "0.32.14-rc0-dynres-0-ga5d6590",
 "prompt_eval_count": 3765,
 "eval_count": 2437,
 "thinking_chars": 2975,
 "answer_chars": 3328,
 "total_duration": 61201586937,
 "load_duration": 1436000619,
 "prompt_eval_duration": 14617734850,
 "eval_duration": 44649633011,
 "gen_tps": 54.58,
 "prefill_tps": 257.56,
 "num_ctx": 16384,
 "num_predict": 8192,
 "sampling_source": "card:gemma4+temp0",
 "sampling": {
  "temperature": 0.0,
  "top_p": 0.95,
  "top_k": 64
 },
 "req_num_predict": 8192,
 "req_num_ctx": 16384
}
--- multi_3img_anchored [cudafull1_gemma4_31b-it-q4_K_M_thinkon] ---
{
 "json_valid": true,
 "q1_right": true,
 "q2_right": true,
 "q4_bbox_hit": true,
 "chart_values_found": 5,
 "chart_total": 5,
 "q4_anchor_frame": [
  2000,
  1125
 ],
 "q4_bbox_space": "norm1000/xyxy",
 "prompt_sha": "aa1042593bd9fc5c",
 "images_sha": "7a5285fe1380ac49",
 "host": "http://10.8.0.6:11497",
 "server_version": "0.32.14-rc0-dynres-0-ga5d6590",
 "prompt_eval_count": 3849,
 "eval_count": 3419,
 "thinking_chars": 4513,
 "answer_chars": 3497,
 "total_duration": 69992474267,
 "load_duration": 1498257515,
 "prompt_eval_duration": 6241414786,
 "eval_duration": 61675246645,
 "gen_tps": 55.44,
 "prefill_tps": 616.69,
 "num_ctx": 16384,
 "num_predict": 8192,
 "sampling_source": "card:gemma4+temp0",
 "sampling": {
  "temperature": 0.0,
  "top_p": 0.95,
  "top_k": 64
 },
 "req_num_predict": 8192,
 "req_num_ctx": 16384
}
--- bbox_contract [cudafull1_gemma4_31b-it-q4_K_M_thinkon] ---
{
 "json_valid": true,
 "declared_type": "norm1000",
 "declared_order": "xyxy",
 "declared_ref": null,
 "field_name": "box_2d",
 "declaration_scope": "toplevel",
 "labels_found": 6,
 "labels_total": 6,
 "hits_declared": 6,
 "iou_declared": 0.961,
 "hits_bestfit": 6,
 "bestfit_dialect": "norm1000/xyxy",
 "implied_scale": 0.721,
 "iou_at_implied_scale": 0.077,
 "anchor_present": false,
 "anchor_implied_type": null,
 "anchor_implied_ref": null,
 "hits_anchor": 0,
 "iou_anchor": 0.0,
 "anchor_beats_declared": false,
 "self_check": null,
 "self_check_reason": null,
 "degenerate_boxes": 0,
 "degenerate_labels": [],
 "declaration_valid": true,
 "declaration_matches_boxes": true,
 "contract_followed": true,
 "prompt_sha": "ff1788f04f6e8a6d",
 "images_sha": "3470bb0f3ebc74f2",
 "host": "http://10.8.0.6:11497",
 "server_version": "0.32.14-rc0-dynres-0-ga5d6590",
 "prompt_eval_count": 1514,
 "eval_count": 1277,
 "thinking_chars": 2021,
 "answer_chars": 413,
 "total_duration": 36751850710,
 "load_duration": 1231390190,
 "prompt_eval_duration": 12542641026,
 "eval_duration": 22768606669,
 "gen_tps": 56.09,
 "prefill_tps": 120.71,
 "num_ctx": 16384,
 "num_predict": 8192,
 "sampling_source": "card:gemma4+temp0",
 "sampling": {
  "temperature": 0.0,
  "top_p": 0.95,
  "top_k": 64
 },
 "req_num_predict": 8192,
 "req_num_ctx": 16384
}
--- bbox_contract_multi [cudafull1_gemma4_31b-it-q4_K_M_thinkon] ---
{
 "json_valid": true,
 "declared_type": "norm1000",
 "declared_order": "xyxy",
 "declared_ref": [
  1920,
  1080
 ],
 "field_name": "box_2d",
 "declaration_scope": "toplevel",
 "labels_found": 6,
 "labels_total": 6,
 "hits_declared": 1,
 "iou_declared": 0.044,
 "hits_bestfit": 1,
 "bestfit_dialect": "norm1000/xyxy",
 "implied_scale": 0.561,
 "iou_at_implied_scale": 0.014,
 "anchor_present": false,
 "anchor_implied_type": null,
 "anchor_implied_ref": null,
 "hits_anchor": 0,
 "iou_anchor": 0.0,
 "anchor_beats_declared": false,
 "self_check": null,
 "self_check_reason": null,
 "degenerate_boxes": 0,
 "degenerate_labels": [],
 "declaration_valid": true,
 "declaration_matches_boxes": false,
 "contract_followed": false,
 "prompt_sha": "c29e6e987e8396f1",
 "images_sha": "7a5285fe1380ac49",
 "host": "http://10.8.0.6:11497",
 "server_version": "0.32.14-rc0-dynres-0-ga5d6590",
 "prompt_eval_count": 3692,
 "eval_count": 5663,
 "thinking_chars": 8275,
 "answer_chars": 439,
 "total_duration": 122321102625,
 "load_duration": 1567072647,
 "prompt_eval_duration": 16204924038,
 "eval_duration": 103889743052,
 "gen_tps": 54.51,
 "prefill_tps": 227.83,
 "num_ctx": 16384,
 "num_predict": 8192,
 "sampling_source": "card:gemma4+temp0",
 "sampling": {
  "temperature": 0.0,
  "top_p": 0.95,
  "top_k": 64
 },
 "req_num_predict": 8192,
 "req_num_ctx": 16384
}
--- bbox_contract_reasoning [cudafull1_gemma4_31b-it-q4_K_M_thinkon] ---
{
 "json_valid": true,
 "declared_type": "norm1000",
 "declared_order": "xyxy",
 "declared_ref": null,
 "field_name": "box_2d",
 "declaration_scope": "toplevel",
 "labels_found": 6,
 "labels_total": 6,
 "hits_declared": 6,
 "iou_declared": 0.961,
 "hits_bestfit": 6,
 "bestfit_dialect": "norm1000/xyxy",
 "implied_scale": 0.72,
 "iou_at_implied_scale": 0.078,
 "anchor_present": false,
 "anchor_implied_type": null,
 "anchor_implied_ref": null,
 "hits_anchor": 0,
 "iou_anchor": 0.0,
 "anchor_beats_declared": false,
 "self_check": null,
 "self_check_reason": null,
 "degenerate_boxes": 0,
 "degenerate_labels": [],
 "declaration_valid": true,
 "declaration_matches_boxes": true,
 "contract_followed": true,
 "prompt_sha": "b640462cc251241f",
 "images_sha": "7a5285fe1380ac49",
 "host": "http://10.8.0.6:11497",
 "server_version": "0.32.14-rc0-dynres-0-ga5d6590",
 "prompt_eval_count": 3679,
 "eval_count": 1813,
 "thinking_chars": 2964,
 "answer_chars": 942,
 "total_duration": 52166262384,
 "load_duration": 1652014728,
 "prompt_eval_duration": 15754806982,
 "eval_duration": 34046116916,
 "gen_tps": 53.25,
 "prefill_tps": 233.52,
 "num_ctx": 16384,
 "num_predict": 8192,
 "sampling_source": "card:gemma4+temp0",
 "sampling": {
  "temperature": 0.0,
  "top_p": 0.95,
  "top_k": 64
 },
 "req_num_predict": 8192,
 "req_num_ctx": 16384
}
--- bbox_contract_pinned [cudafull1_gemma4_31b-it-q4_K_M_thinkon] ---
{
 "json_valid": true,
 "declared_type": "norm1000",
 "declared_order": "xyxy",
 "declared_ref": null,
 "field_name": "box_2d",
 "declaration_scope": "toplevel",
 "labels_found": 6,
 "labels_total": 6,
 "hits_declared": 6,
 "iou_declared": 0.959,
 "hits_bestfit": 6,
 "bestfit_dialect": "norm1000/xyxy",
 "implied_scale": 0.719,
 "iou_at_implied_scale": 0.077,
 "anchor_present": false,
 "anchor_implied_type": null,
 "anchor_implied_ref": null,
 "hits_anchor": 0,
 "iou_anchor": 0.0,
 "anchor_beats_declared": false,
 "self_check": null,
 "self_check_reason": null,
 "degenerate_boxes": 0,
 "degenerate_labels": [],
 "declaration_valid": true,
 "declaration_matches_boxes": true,
 "contract_followed": true,
 "prompt_sha": "af5569e2468717dc",
 "images_sha": "7a5285fe1380ac49",
 "host": "http://10.8.0.6:11497",
 "server_version": "0.32.14-rc0-dynres-0-ga5d6590",
 "prompt_eval_count": 3541,
 "eval_count": 658,
 "thinking_chars": 790,
 "answer_chars": 413,
 "total_duration": 23117294869,
 "load_duration": 1906799888,
 "prompt_eval_duration": 8576096873,
 "eval_duration": 12103584293,
 "gen_tps": 54.36,
 "prefill_tps": 412.89,
 "num_ctx": 16384,
 "num_predict": 8192,
 "sampling_source": "card:gemma4+temp0",
 "sampling": {
  "temperature": 0.0,
  "top_p": 0.95,
  "top_k": 64
 },
 "req_num_predict": 8192,
 "req_num_ctx": 16384
}
--- bbox_contract_perobject [cudafull1_gemma4_31b-it-q4_K_M_thinkon] ---
{
 "json_valid": true,
 "declared_type": "norm1000",
 "declared_order": "xyxy",
 "declared_ref": null,
 "field_name": "box_2d",
 "declaration_scope": "perobject",
 "labels_found": 6,
 "labels_total": 6,
 "hits_declared": 6,
 "iou_declared": 0.961,
 "hits_bestfit": 6,
 "bestfit_dialect": "norm1000/xyxy",
 "implied_scale": 0.72,
 "iou_at_implied_scale": 0.077,
 "anchor_present": false,
 "anchor_implied_type": null,
 "anchor_implied_ref": null,
 "hits_anchor": 0,
 "iou_anchor": 0.0,
 "anchor_beats_declared": false,
 "self_check": null,
 "self_check_reason": null,
 "degenerate_boxes": 0,
 "degenerate_labels": [],
 "declaration_valid": true,
 "declaration_matches_boxes": true,
 "contract_followed": true,
 "prompt_sha": "fe86756127ae5d1a",
 "images_sha": "7a5285fe1380ac49",
 "host": "http://10.8.0.6:11497",
 "server_version": "0.32.14-rc0-dynres-0-ga5d6590",
 "prompt_eval_count": 3554,
 "eval_count": 739,
 "thinking_chars": 800,
 "answer_chars": 617,
 "total_duration": 21826070650,
 "load_duration": 1861270138,
 "prompt_eval_duration": 5985586175,
 "eval_duration": 13493490177,
 "gen_tps": 54.77,
 "prefill_tps": 593.76,
 "num_ctx": 16384,
 "num_predict": 8192,
 "sampling_source": "card:gemma4+temp0",
 "sampling": {
  "temperature": 0.0,
  "top_p": 0.95,
  "top_k": 64
 },
 "req_num_predict": 8192,
 "req_num_ctx": 16384
}
--- bbox_contract_anchored [cudafull1_gemma4_31b-it-q4_K_M_thinkon] ---
{
 "json_valid": true,
 "declared_type": "norm1000",
 "declared_order": "xyxy",
 "declared_ref": null,
 "field_name": null,
 "declaration_scope": "perobject",
 "labels_found": 6,
 "labels_total": 6,
 "hits_declared": 6,
 "iou_declared": 0.962,
 "hits_bestfit": 6,
 "bestfit_dialect": "norm1000/xyxy",
 "implied_scale": 0.72,
 "iou_at_implied_scale": 0.077,
 "anchor_present": true,
 "anchor_implied_type": "norm1000",
 "anchor_implied_ref": null,
 "hits_anchor": 6,
 "iou_anchor": 0.962,
 "anchor_beats_declared": false,
 "self_check": true,
 "self_check_reason": "ok",
 "degenerate_boxes": 0,
 "degenerate_labels": [],
 "declaration_valid": true,
 "declaration_matches_boxes": true,
 "contract_followed": true,
 "prompt_sha": "c1159cad9345b552",
 "images_sha": "7a5285fe1380ac49",
 "host": "http://10.8.0.6:11497",
 "server_version": "0.32.14-rc0-dynres-0-ga5d6590",
 "prompt_eval_count": 3657,
 "eval_count": 1411,
 "thinking_chars": 1856,
 "answer_chars": 972,
 "total_duration": 37097000061,
 "load_duration": 1767789796,
 "prompt_eval_duration": 8481779227,
 "eval_duration": 26300630534,
 "gen_tps": 53.65,
 "prefill_tps": 431.16,
 "num_ctx": 16384,
 "num_predict": 8192,
 "sampling_source": "card:gemma4+temp0",
 "sampling": {
  "temperature": 0.0,
  "top_p": 0.95,
  "top_k": 64
 },
 "req_num_predict": 8192,
 "req_num_ctx": 16384
}
--- bbox_contract_anchored_1img [cudafull1_gemma4_31b-it-q4_K_M_thinkon] ---
{
 "json_valid": true,
 "declared_type": "norm1000",
 "declared_order": "xyxy",
 "declared_ref": null,
 "field_name": null,
 "declaration_scope": "perobject",
 "labels_found": 6,
 "labels_total": 6,
 "hits_declared": 6,
 "iou_declared": 0.957,
 "hits_bestfit": 6,
 "bestfit_dialect": "norm1000/xyxy",
 "implied_scale": 0.721,
 "iou_at_implied_scale": 0.078,
 "anchor_present": true,
 "anchor_implied_type": "norm1000",
 "anchor_implied_ref": null,
 "hits_anchor": 6,
 "iou_anchor": 0.957,
 "anchor_beats_declared": false,
 "self_check": true,
 "self_check_reason": "ok",
 "degenerate_boxes": 0,
 "degenerate_labels": [],
 "declaration_valid": true,
 "declaration_matches_boxes": true,
 "contract_followed": true,
 "prompt_sha": "c1159cad9345b552",
 "images_sha": "3470bb0f3ebc74f2",
 "host": "http://10.8.0.6:11497",
 "server_version": "0.32.14-rc0-dynres-0-ga5d6590",
 "prompt_eval_count": 1500,
 "eval_count": 1379,
 "thinking_chars": 2025,
 "answer_chars": 972,
 "total_duration": 40838461285,
 "load_duration": 1491065051,
 "prompt_eval_duration": 13904036527,
 "eval_duration": 25246611580,
 "gen_tps": 54.62,
 "prefill_tps": 107.88,
 "num_ctx": 16384,
 "num_predict": 8192,
 "sampling_source": "card:gemma4+temp0",
 "sampling": {
  "temperature": 0.0,
  "top_p": 0.95,
  "top_k": 64
 },
 "req_num_predict": 8192,
 "req_num_ctx": 16384
}
--- bbox_contract_box2d_1img [cudafull1_gemma4_31b-it-q4_K_M_thinkon] ---
{
 "json_valid": true,
 "declared_type": "norm1000",
 "declared_order": "xyxy",
 "declared_ref": null,
 "field_name": "box_2d",
 "declaration_scope": "perobject",
 "labels_found": 6,
 "labels_total": 6,
 "hits_declared": 6,
 "iou_declared": 0.959,
 "hits_bestfit": 6,
 "bestfit_dialect": "norm1000/xyxy",
 "implied_scale": 0.721,
 "iou_at_implied_scale": 0.078,
 "anchor_present": true,
 "anchor_implied_type": "norm1000",
 "anchor_implied_ref": null,
 "hits_anchor": 6,
 "iou_anchor": 0.959,
 "anchor_beats_declared": false,
 "self_check": true,
 "self_check_reason": "ok",
 "degenerate_boxes": 0,
 "degenerate_labels": [],
 "declaration_valid": true,
 "declaration_matches_boxes": true,
 "contract_followed": true,
 "prompt_sha": "72f3c0c25fc6845d",
 "images_sha": "3470bb0f3ebc74f2",
 "host": "http://10.8.0.6:11497",
 "server_version": "0.32.14-rc0-dynres-0-ga5d6590",
 "prompt_eval_count": 1503,
 "eval_count": 1539,
 "thinking_chars": 2120,
 "answer_chars": 965,
 "total_duration": 43533227824,
 "load_duration": 1620072516,
 "prompt_eval_duration": 12958529338,
 "eval_duration": 28712210826,
 "gen_tps": 53.6,
 "prefill_tps": 115.99,
 "num_ctx": 16384,
 "num_predict": 8192,
 "sampling_source": "card:gemma4+temp0",
 "sampling": {
  "temperature": 0.0,
  "top_p": 0.95,
  "top_k": 64
 },
 "req_num_predict": 8192,
 "req_num_ctx": 16384
}
--- bbox_contract_positional_1img [cudafull1_gemma4_31b-it-q4_K_M_thinkon] ---
{
 "json_valid": true,
 "declared_type": "norm1000",
 "declared_order": "xyxy",
 "declared_ref": null,
 "field_name": "box_2d",
 "declaration_scope": "perobject",
 "labels_found": 6,
 "labels_total": 6,
 "hits_declared": 6,
 "iou_declared": 0.96,
 "hits_bestfit": 6,
 "bestfit_dialect": "norm1000/xyxy",
 "implied_scale": 0.721,
 "iou_at_implied_scale": 0.077,
 "anchor_present": true,
 "anchor_implied_type": "norm1000",
 "anchor_implied_ref": null,
 "hits_anchor": 6,
 "iou_anchor": 0.96,
 "anchor_beats_declared": false,
 "self_check": true,
 "self_check_reason": "ok",
 "degenerate_boxes": 0,
 "degenerate_labels": [],
 "declaration_valid": true,
 "declaration_matches_boxes": true,
 "contract_followed": true,
 "prompt_sha": "81359502f059f454",
 "images_sha": "3470bb0f3ebc74f2",
 "host": "http://10.8.0.6:11497",
 "server_version": "0.32.14-rc0-dynres-0-ga5d6590",
 "prompt_eval_count": 1523,
 "eval_count": 1473,
 "thinking_chars": 2139,
 "answer_chars": 965,
 "total_duration": 43423135400,
 "load_duration": 1603389867,
 "prompt_eval_duration": 13838996716,
 "eval_duration": 27681310411,
 "gen_tps": 53.21,
 "prefill_tps": 110.05,
 "num_ctx": 16384,
 "num_predict": 8192,
 "sampling_source": "card:gemma4+temp0",
 "sampling": {
  "temperature": 0.0,
  "top_p": 0.95,
  "top_k": 64
 },
 "req_num_predict": 8192,
 "req_num_ctx": 16384
}
--- bbox_contract_real_1img [cudafull1_gemma4_31b-it-q4_K_M_thinkon] ---
{
 "json_valid": true,
 "declared_type": "real",
 "declared_order": "xyxy",
 "declared_ref": [
  1920,
  1080
 ],
 "field_name": null,
 "declaration_scope": "perobject",
 "labels_found": 6,
 "labels_total": 6,
 "hits_declared": 1,
 "iou_declared": 0.045,
 "hits_bestfit": 6,
 "bestfit_dialect": "norm1000/xyxy",
 "implied_scale": 0.721,
 "iou_at_implied_scale": 0.077,
 "anchor_present": true,
 "anchor_implied_type": "real",
 "anchor_implied_ref": [
  1920,
  1080
 ],
 "hits_anchor": 1,
 "iou_anchor": 0.045,
 "anchor_beats_declared": false,
 "self_check": false,
 "self_check_reason": "aspect: anchor 1.78 vs object extent 1.10",
 "degenerate_boxes": 0,
 "degenerate_labels": [],
 "declaration_valid": true,
 "declaration_matches_boxes": false,
 "contract_followed": false,
 "prompt_sha": "c69c59040c15ea65",
 "images_sha": "3470bb0f3ebc74f2",
 "host": "http://10.8.0.6:11497",
 "server_version": "0.32.14-rc0-dynres-0-ga5d6590",
 "prompt_eval_count": 1460,
 "eval_count": 1554,
 "thinking_chars": 1814,
 "answer_chars": 1336,
 "total_duration": 45725717490,
 "load_duration": 1834743563,
 "prompt_eval_duration": 14312069363,
 "eval_duration": 29375717017,
 "gen_tps": 52.9,
 "prefill_tps": 102.01,
 "num_ctx": 16384,
 "num_predict": 8192,
 "sampling_source": "card:gemma4+temp0",
 "sampling": {
  "temperature": 0.0,
  "top_p": 0.95,
  "top_k": 64
 },
 "req_num_predict": 8192,
 "req_num_ctx": 16384
}
--- bbox_contract_adv_real [cudafull1_gemma4_31b-it-q4_K_M_thinkon] ---
{
 "json_valid": true,
 "declared_type": "real",
 "declared_order": "xyxy",
 "declared_ref": [
  1920,
  1080
 ],
 "field_name": null,
 "declaration_scope": "perobject",
 "labels_found": 6,
 "labels_total": 6,
 "hits_declared": 6,
 "iou_declared": 0.72,
 "hits_bestfit": 6,
 "bestfit_dialect": "real/xyxy",
 "implied_scale": 0.961,
 "iou_at_implied_scale": 0.697,
 "anchor_present": true,
 "anchor_implied_type": "real",
 "anchor_implied_ref": [
  1920,
  1080
 ],
 "hits_anchor": 6,
 "iou_anchor": 0.72,
 "anchor_beats_declared": false,
 "self_check": true,
 "self_check_reason": "ok",
 "degenerate_boxes": 0,
 "degenerate_labels": [],
 "declaration_valid": true,
 "declaration_matches_boxes": true,
 "contract_followed": true,
 "prompt_sha": "316cf35bd24dd403",
 "images_sha": "7a5285fe1380ac49",
 "host": "http://10.8.0.6:11497",
 "server_version": "0.32.14-rc0-dynres-0-ga5d6590",
 "prompt_eval_count": 3552,
 "eval_count": 1927,
 "thinking_chars": 2387,
 "answer_chars": 1174,
 "total_duration": 56425488095,
 "load_duration": 2242140623,
 "prompt_eval_duration": 15950692815,
 "eval_duration": 37653610641,
 "gen_tps": 51.18,
 "prefill_tps": 222.69,
 "num_ctx": 16384,
 "num_predict": 8192,
 "sampling_source": "card:gemma4+temp0",
 "sampling": {
  "temperature": 0.0,
  "top_p": 0.95,
  "top_k": 64
 },
 "req_num_predict": 8192,
 "req_num_ctx": 16384
}
--- bbox_contract_adv_norm1 [cudafull1_gemma4_31b-it-q4_K_M_thinkon] ---
{
 "json_valid": true,
 "declared_type": "norm1",
 "declared_order": "xyxy",
 "declared_ref": null,
 "field_name": null,
 "declaration_scope": "perobject",
 "labels_found": 6,
 "labels_total": 6,
 "hits_declared": 6,
 "iou_declared": 0.959,
 "hits_bestfit": 6,
 "bestfit_dialect": "norm1/xyxy",
 "implied_scale": 0.001,
 "iou_at_implied_scale": 0.077,
 "anchor_present": true,
 "anchor_implied_type": "norm1",
 "anchor_implied_ref": null,
 "hits_anchor": 6,
 "iou_anchor": 0.959,
 "anchor_beats_declared": false,
 "self_check": true,
 "self_check_reason": "ok",
 "degenerate_boxes": 0,
 "degenerate_labels": [],
 "declaration_valid": true,
 "declaration_matches_boxes": true,
 "contract_followed": true,
 "prompt_sha": "5868e908d1e35b59",
 "images_sha": "7a5285fe1380ac49",
 "host": "http://10.8.0.6:11497",
 "server_version": "0.32.14-rc0-dynres-0-ga5d6590",
 "prompt_eval_count": 3534,
 "eval_count": 1458,
 "thinking_chars": 1866,
 "answer_chars": 994,
 "total_duration": 40733837127,
 "load_duration": 2038488188,
 "prompt_eval_duration": 10484296682,
 "eval_duration": 27542461435,
 "gen_tps": 52.94,
 "prefill_tps": 337.08,
 "num_ctx": 16384,
 "num_predict": 8192,
 "sampling_source": "card:gemma4+temp0",
 "sampling": {
  "temperature": 0.0,
  "top_p": 0.95,
  "top_k": 64
 },
 "req_num_predict": 8192,
 "req_num_ctx": 16384
}
--- finetext [cudafull1_gemma4_31b-it-q4_K_M_thinkon] ---
{
 "json_valid": true,
 "recall_22px": 4,
 "recall_16px": 4,
 "recall_12px": 4,
 "recall_9px": 4,
 "recall_7px": 3,
 "total_found": 20,
 "prompt_sha": "2609dc6cba954ae7",
 "images_sha": "a1d6d5519519ecb4",
 "host": "http://10.8.0.6:11497",
 "server_version": "0.32.14-rc0-dynres-0-ga5d6590",
 "prompt_eval_count": 1176,
 "eval_count": 2127,
 "thinking_chars": 3041,
 "answer_chars": 439,
 "total_duration": 52884689385,
 "load_duration": 1634294330,
 "prompt_eval_duration": 12204147820,
 "eval_duration": 38821014574,
 "gen_tps": 54.79,
 "prefill_tps": 96.36,
 "num_ctx": 16384,
 "num_predict": 8192,
 "sampling_source": "card:gemma4+temp0",
 "sampling": {
  "temperature": 0.0,
  "top_p": 0.95,
  "top_k": 64
 },
 "req_num_predict": 8192,
 "req_num_ctx": 16384
}
SUITE DONE cudafull1_gemma4_31b-it-q4_K_M_thinkon
--- finetext [cudafull1_gemma4_31b-it-q4_K_M_thinkon] ---
{
 "tag": "cudafull1_gemma4_31b-it-q4_K_M_thinkon",
 "json_valid": true,
 "recall_22px": 4,
 "recall_16px": 4,
 "recall_12px": 4,
 "recall_9px": 4,
 "recall_7px": 3,
 "total_found": 20,
 "host": "http://10.8.0.6:11497",
 "server_version": "0.32.14-rc0-dynres-0-ga5d6590",
 "prompt_eval_count": 1176,
 "eval_count": 2127,
 "thinking_chars": 3041,
 "answer_chars": 439,
 "num_ctx": 16384,
 "num_predict": 8192,
 "sampling_source": "card:gemma4+temp0",
 "sampling": {
  "temperature": 0.0,
  "top_p": 0.95,
  "top_k": 64
 }
}
##### DONE gemma4:31b-it-q4_K_M think=on rep=1 11:35:26
ENGINE COMPARE DONE
== 3/3 qwen3.6 think-on scoped (scene_single,multi_3img,multi_3img_anchored) from 32768 ==
##### MODEL qwen3.6:35b-a3b-q4_K_M think=on tag=cudafull1_qwen3_6_35b-a3b-q4_K_M_thinkon num_predict=24576 num_ctx=32768 11:35:26 powermode=2
evicted ['gemma4:31b-it-q4_K_M']
unload qwen3.6:35b-a3b-q4_K_M: ok
##### RE-RUN 3 capped arm(s) — unfinished, ADR 0012 conv 9: scene_single, multi_3img, multi_3img_anchored
--- scene_single [cudafull1_qwen3_6_35b-a3b-q4_K_M_thinkon] ---
{
 "json_valid": true,
 "labels_found": 6,
 "labels_total": 6,
 "bbox_hits": 6,
 "bbox_mean_iou": 0.717,
 "bbox_space": "norm1000/xyxy",
 "colors_right": 6,
 "serial_found": true,
 "object_count": 6,
 "prompt_sha": "106788e425df1b45",
 "images_sha": "3470bb0f3ebc74f2",
 "host": "http://10.8.0.6:11497",
 "server_version": "0.32.14-rc0-dynres-0-ga5d6590",
 "prompt_eval_count": 2613,
 "eval_count": 21058,
 "thinking_chars": 52295,
 "answer_chars": 1553,
 "total_duration": 260507856857,
 "load_duration": 17747179984,
 "prompt_eval_duration": 1690708000,
 "eval_duration": 240276107000,
 "gen_tps": 87.64,
 "prefill_tps": 1545.51,
 "num_ctx": 32768,
 "num_predict": 24576,
 "sampling_source": "card:qwen3.6+temp0",
 "sampling": {
  "temperature": 0.0,
  "top_p": 0.95,
  "top_k": 20,
  "min_p": 0.0,
  "presence_penalty": 1.5
 },
 "req_num_predict": 24576,
 "req_num_ctx": 32768
}
--- multi_3img [cudafull1_qwen3_6_35b-a3b-q4_K_M_thinkon] ---
{
 "json_valid": false,
 "q1_right": false,
 "q2_right": false,
 "q4_bbox_hit": false,
 "chart_values_found": 0,
 "chart_total": 5,
 "prompt_sha": "5e3ea981f6d5551e",
 "images_sha": "7a5285fe1380ac49",
 "host": "http://10.8.0.6:11497",
 "server_version": "0.32.14-rc0-dynres-0-ga5d6590",
 "prompt_eval_count": 6134,
 "eval_count": 24576,
 "thinking_chars": 67832,
 "answer_chars": 0,
 "total_duration": 274791478897,
 "load_duration": 1432398206,
 "prompt_eval_duration": 2018945000,
 "eval_duration": 269811199000,
 "gen_tps": 91.09,
 "prefill_tps": 3038.22,
 "num_ctx": 32768,
 "num_predict": 24576,
 "sampling_source": "card:qwen3.6+temp0",
 "sampling": {
  "temperature": 0.0,
  "top_p": 0.95,
  "top_k": 20,
  "min_p": 0.0,
  "presence_penalty": 1.5
 },
 "req_num_predict": 24576,
 "req_num_ctx": 32768
}
--- multi_3img_anchored [cudafull1_qwen3_6_35b-a3b-q4_K_M_thinkon] ---
{
 "json_valid": true,
 "q1_right": true,
 "q2_right": true,
 "q4_bbox_hit": true,
 "chart_values_found": 5,
 "chart_total": 5,
 "q4_bbox_space": "norm1000/xyxy",
 "prompt_sha": "aa1042593bd9fc5c",
 "images_sha": "7a5285fe1380ac49",
 "host": "http://10.8.0.6:11497",
 "server_version": "0.32.14-rc0-dynres-0-ga5d6590",
 "prompt_eval_count": 6216,
 "eval_count": 10910,
 "thinking_chars": 23751,
 "answer_chars": 3699,
 "total_duration": 132709269291,
 "load_duration": 1826268852,
 "prompt_eval_duration": 2289045000,
 "eval_duration": 126302205000,
 "gen_tps": 86.38,
 "prefill_tps": 2715.54,
 "num_ctx": 32768,
 "num_predict": 24576,
 "sampling_source": "card:qwen3.6+temp0",
 "sampling": {
  "temperature": 0.0,
  "top_p": 0.95,
  "top_k": 20,
  "min_p": 0.0,
  "presence_penalty": 1.5
 },
 "req_num_predict": 24576,
 "req_num_ctx": 32768
}
SUITE DONE cudafull1_qwen3_6_35b-a3b-q4_K_M_thinkon
##### SKIP finetext_probe (ONLY_TESTS=scene_single,multi_3img,multi_3img_anchored)
##### CAPPED qwen3.6:35b-a3b-q4_K_M think=on at num_ctx=32768 (multi_3img) -> escalating to 65536
##### MODEL qwen3.6:35b-a3b-q4_K_M think=on tag=cudafull1_qwen3_6_35b-a3b-q4_K_M_thinkon num_predict=57344 num_ctx=65536 11:46:41 powermode=2
evicted ['qwen3.6:35b-a3b-q4_K_M']
unload qwen3.6:35b-a3b-q4_K_M: ok
##### SKIP 2 already-scored arm(s): scene_single, multi_3img_anchored
##### RE-RUN 1 capped arm(s) — unfinished, ADR 0012 conv 9: multi_3img
--- multi_3img [cudafull1_qwen3_6_35b-a3b-q4_K_M_thinkon] ---
{
 "json_valid": false,
 "q1_right": false,
 "q2_right": false,
 "q4_bbox_hit": false,
 "chart_values_found": 0,
 "chart_total": 5,
 "prompt_sha": "5e3ea981f6d5551e",
 "images_sha": "7a5285fe1380ac49",
 "host": "http://10.8.0.6:11497",
 "server_version": "0.32.14-rc0-dynres-0-ga5d6590",
 "prompt_eval_count": 6134,
 "eval_count": 57344,
 "thinking_chars": 146946,
 "answer_chars": 0,
 "total_duration": 659885100414,
 "load_duration": 16288708326,
 "prompt_eval_duration": 2640690000,
 "eval_duration": 640474330000,
 "gen_tps": 89.53,
 "prefill_tps": 2322.88,
 "num_ctx": 65536,
 "num_predict": 57344,
 "sampling_source": "card:qwen3.6+temp0",
 "sampling": {
  "temperature": 0.0,
  "top_p": 0.95,
  "top_k": 20,
  "min_p": 0.0,
  "presence_penalty": 1.5
 },
 "req_num_predict": 57344,
 "req_num_ctx": 65536
}
SUITE DONE cudafull1_qwen3_6_35b-a3b-q4_K_M_thinkon
##### SKIP finetext_probe (ONLY_TESTS=scene_single,multi_3img,multi_3img_anchored)
##### CAPPED qwen3.6:35b-a3b-q4_K_M think=on at num_ctx=65536 (multi_3img) -> escalating to 131072
##### MODEL qwen3.6:35b-a3b-q4_K_M think=on tag=cudafull1_qwen3_6_35b-a3b-q4_K_M_thinkon num_predict=122880 num_ctx=131072 11:57:46 powermode=2
evicted ['qwen3.6:35b-a3b-q4_K_M']
unload qwen3.6:35b-a3b-q4_K_M: ok
##### SKIP 2 already-scored arm(s): scene_single, multi_3img_anchored
##### RE-RUN 1 capped arm(s) — unfinished, ADR 0012 conv 9: multi_3img
--- multi_3img [cudafull1_qwen3_6_35b-a3b-q4_K_M_thinkon] ---
{
 "json_valid": false,
 "q1_right": false,
 "q2_right": false,
 "q4_bbox_hit": false,
 "chart_values_found": 0,
 "chart_total": 5,
 "prompt_sha": "5e3ea981f6d5551e",
 "images_sha": "7a5285fe1380ac49",
 "host": "http://10.8.0.6:11497",
 "server_version": "0.32.14-rc0-dynres-0-ga5d6590",
 "prompt_eval_count": 6134,
 "eval_count": 122880,
 "thinking_chars": 313054,
 "answer_chars": 0,
 "total_duration": 1480654556297,
 "load_duration": 15610420384,
 "prompt_eval_duration": 2372295000,
 "eval_duration": 1462203628000,
 "gen_tps": 84.04,
 "prefill_tps": 2585.68,
 "num_ctx": 131072,
 "num_predict": 122880,
 "sampling_source": "card:qwen3.6+temp0",
 "sampling": {
  "temperature": 0.0,
  "top_p": 0.95,
  "top_k": 20,
  "min_p": 0.0,
  "presence_penalty": 1.5
 },
 "req_num_predict": 122880,
 "req_num_ctx": 131072
}
SUITE DONE cudafull1_qwen3_6_35b-a3b-q4_K_M_thinkon
##### SKIP finetext_probe (ONLY_TESTS=scene_single,multi_3img,multi_3img_anchored)
##### NOT CONVERGED qwen3.6:35b-a3b-q4_K_M think=on at num_ctx=131072 (ceiling 131072); capped: multi_3img
##### DONE qwen3.6:35b-a3b-q4_K_M think=on rep=1 12:22:31
ENGINE COMPARE DONE
== DELTA RUN done Thu Aug 20 12:22:31 AEST 2026 ==
